{
  "threadDump": {
    "processId": "21356",
    "time": "2023-10-04T22:26:23.350413600Z",
    "runtimeVersion": "21+35-LTS",
    "threadContainers": [
      {
        "container": "<root>",
        "parent": null,
        "owner": null,
        "threads": [
         {
           "tid": "1",
           "name": "main",
           "stack": [
              "java.base\/java.lang.Thread.sleep0(Native Method)",
              "java.base\/java.lang.Thread.sleep(Thread.java:558)",
              "java.base\/java.util.concurrent.TimeUnit.sleep(TimeUnit.java:446)",
              "org.jeyzer.demo.virtualthreads.ThousandsVirtualThreads.virtualThreadsByThousandsSequence(ThousandsVirtualThreads.java:42)",
              "org.jeyzer.demo.virtualthreads.ThousandsVirtualThreads.executeSequence(ThousandsVirtualThreads.java:73)",
              "org.jeyzer.demo.virtualthreads.TestSequence.startSequence(TestSequence.java:21)",
              "org.jeyzer.demo.virtualthreads.DemoVT21.main(DemoVT21.java:22)"
           ]
         },
         {
           "tid": "9",
           "name": "Reference Handler",
           "stack": [
              "java.base\/java.lang.ref.Reference.waitForReferencePendingList(Native Method)",
              "java.base\/java.lang.ref.Reference.processPendingReferences(Reference.java:246)",
              "java.base\/java.lang.ref.Reference$ReferenceHandler.run(Reference.java:208)"
           ]
         },
         {
           "tid": "10",
           "name": "Finalizer",
           "stack": [
              "java.base\/java.lang.Object.wait0(Native Method)",
              "java.base\/java.lang.Object.wait(Object.java:366)",
              "java.base\/java.lang.Object.wait(Object.java:339)",
              "java.base\/java.lang.ref.NativeReferenceQueue.await(NativeReferenceQueue.java:48)",
              "java.base\/java.lang.ref.ReferenceQueue.remove0(ReferenceQueue.java:158)",
              "java.base\/java.lang.ref.NativeReferenceQueue.remove(NativeReferenceQueue.java:89)",
              "java.base\/java.lang.ref.Finalizer$FinalizerThread.run(Finalizer.java:173)"
           ]
         },
         {
           "tid": "11",
           "name": "Signal Dispatcher",
           "stack": [
           ]
         },
         {
           "tid": "12",
           "name": "Attach Listener",
           "stack": [
              "java.base\/java.lang.Thread.getStackTrace(Thread.java:2450)",
              "java.base\/jdk.internal.vm.ThreadDumper.dumpThreadToJson(ThreadDumper.java:264)",
              "java.base\/jdk.internal.vm.ThreadDumper.dumpThreadsToJson(ThreadDumper.java:237)",
              "java.base\/jdk.internal.vm.ThreadDumper.dumpThreadsToJson(ThreadDumper.java:201)",
              "java.base\/jdk.internal.vm.ThreadDumper.dumpThreadsToFile(ThreadDumper.java:115)",
              "java.base\/jdk.internal.vm.ThreadDumper.dumpThreadsToJson(ThreadDumper.java:84)"
           ]
         },
         {
           "tid": "19",
           "name": "Common-Cleaner",
           "stack": [
              "java.base\/jdk.internal.misc.Unsafe.park(Native Method)",
              "java.base\/java.util.concurrent.locks.LockSupport.parkNanos(LockSupport.java:269)",
              "java.base\/java.util.concurrent.locks.AbstractQueuedSynchronizer$ConditionObject.await(AbstractQueuedSynchronizer.java:1847)",
              "java.base\/java.lang.ref.ReferenceQueue.await(ReferenceQueue.java:71)",
              "java.base\/java.lang.ref.ReferenceQueue.remove0(ReferenceQueue.java:143)",
              "java.base\/java.lang.ref.ReferenceQueue.remove(ReferenceQueue.java:218)",
              "java.base\/jdk.internal.ref.CleanerImpl.run(CleanerImpl.java:140)",
              "java.base\/java.lang.Thread.run(Thread.java:1583)",
              "java.base\/jdk.internal.misc.InnocuousThread.run(InnocuousThread.java:186)"
           ]
         },
         {
           "tid": "26",
           "name": "JFR Recorder Thread",
           "stack": [
           ]
         },
         {
           "tid": "36",
           "name": "JFR Periodic Tasks",
           "stack": [
              "java.base\/java.lang.Object.wait0(Native Method)",
              "java.base\/java.lang.Object.wait(Object.java:366)",
              "jdk.jfr\/jdk.jfr.internal.PlatformRecorder.takeNap(PlatformRecorder.java:559)",
              "jdk.jfr\/jdk.jfr.internal.PlatformRecorder.periodicTask(PlatformRecorder.java:527)",
              "jdk.jfr\/jdk.jfr.internal.PlatformRecorder.lambda$startDiskMonitor$1(PlatformRecorder.java:446)",
              "java.base\/java.lang.Thread.run(Thread.java:1583)"
           ]
         },
         {
           "tid": "38",
           "name": "Notification Thread",
           "stack": [
           ]
         },
         {
           "tid": "40",
           "name": "RMI TCP Accept-0",
           "stack": [
              "java.base\/sun.nio.ch.Net.accept(Native Method)",
              "java.base\/sun.nio.ch.NioSocketImpl.accept(NioSocketImpl.java:748)",
              "java.base\/java.net.ServerSocket.implAccept(ServerSocket.java:698)",
              "java.base\/java.net.ServerSocket.platformImplAccept(ServerSocket.java:663)",
              "java.base\/java.net.ServerSocket.implAccept(ServerSocket.java:639)",
              "java.base\/java.net.ServerSocket.implAccept(ServerSocket.java:585)",
              "java.base\/java.net.ServerSocket.accept(ServerSocket.java:543)",
              "java.rmi\/sun.rmi.transport.tcp.TCPTransport$AcceptLoop.executeAcceptLoop(TCPTransport.java:424)",
              "java.rmi\/sun.rmi.transport.tcp.TCPTransport$AcceptLoop.run(TCPTransport.java:388)",
              "java.base\/java.lang.Thread.run(Thread.java:1583)"
           ]
         },
         {
           "tid": "41",
           "name": "RMI TCP Accept-2504",
           "stack": [
              "java.base\/sun.nio.ch.Net.accept(Native Method)",
              "java.base\/sun.nio.ch.NioSocketImpl.accept(NioSocketImpl.java:748)",
              "java.base\/java.net.ServerSocket.implAccept(ServerSocket.java:698)",
              "java.base\/java.net.ServerSocket.platformImplAccept(ServerSocket.java:663)",
              "java.base\/java.net.ServerSocket.implAccept(ServerSocket.java:639)",
              "java.base\/java.net.ServerSocket.implAccept(ServerSocket.java:585)",
              "java.base\/java.net.ServerSocket.accept(ServerSocket.java:543)",
              "java.rmi\/sun.rmi.transport.tcp.TCPTransport$AcceptLoop.executeAcceptLoop(TCPTransport.java:424)",
              "java.rmi\/sun.rmi.transport.tcp.TCPTransport$AcceptLoop.run(TCPTransport.java:388)",
              "java.base\/java.lang.Thread.run(Thread.java:1583)"
           ]
         },
         {
           "tid": "42",
           "name": "RMI TCP Accept-0",
           "stack": [
              "java.base\/sun.nio.ch.Net.accept(Native Method)",
              "java.base\/sun.nio.ch.NioSocketImpl.accept(NioSocketImpl.java:748)",
              "java.base\/java.net.ServerSocket.implAccept(ServerSocket.java:698)",
              "java.base\/java.net.ServerSocket.platformImplAccept(ServerSocket.java:663)",
              "java.base\/java.net.ServerSocket.implAccept(ServerSocket.java:639)",
              "java.base\/java.net.ServerSocket.implAccept(ServerSocket.java:585)",
              "java.base\/java.net.ServerSocket.accept(ServerSocket.java:543)",
              "jdk.management.agent\/sun.management.jmxremote.LocalRMIServerSocketFactory$1.accept(LocalRMIServerSocketFactory.java:52)",
              "java.rmi\/sun.rmi.transport.tcp.TCPTransport$AcceptLoop.executeAcceptLoop(TCPTransport.java:424)",
              "java.rmi\/sun.rmi.transport.tcp.TCPTransport$AcceptLoop.run(TCPTransport.java:388)",
              "java.base\/java.lang.Thread.run(Thread.java:1583)"
           ]
         }
        ],
        "threadCount": "12"
      },
      {
        "container": "java.util.concurrent.ScheduledThreadPoolExecutor@4520ebad",
        "parent": "<root>",
        "owner": null,
        "threads": [
         {
           "tid": "21",
           "name": "Jeyzer-recorder-log-watchdog",
           "stack": [
              "java.base\/jdk.internal.misc.Unsafe.park(Native Method)",
              "java.base\/java.util.concurrent.locks.LockSupport.parkNanos(LockSupport.java:269)",
              "java.base\/java.util.concurrent.locks.AbstractQueuedSynchronizer$ConditionObject.awaitNanos(AbstractQueuedSynchronizer.java:1758)",
              "java.base\/java.util.concurrent.ScheduledThreadPoolExecutor$DelayedWorkQueue.take(ScheduledThreadPoolExecutor.java:1182)",
              "java.base\/java.util.concurrent.ScheduledThreadPoolExecutor$DelayedWorkQueue.take(ScheduledThreadPoolExecutor.java:899)",
              "java.base\/java.util.concurrent.ThreadPoolExecutor.getTask(ThreadPoolExecutor.java:1070)",
              "java.base\/java.util.concurrent.ThreadPoolExecutor.runWorker(ThreadPoolExecutor.java:1130)",
              "java.base\/java.util.concurrent.ThreadPoolExecutor$Worker.run(ThreadPoolExecutor.java:642)",
              "java.base\/java.lang.Thread.run(Thread.java:1583)"
           ]
         }
        ],
        "threadCount": "1"
      },
      {
        "container": "java.util.concurrent.ScheduledThreadPoolExecutor@f17658b",
        "parent": "<root>",
        "owner": null,
        "threads": [
         {
           "tid": "44",
           "name": "Jeyzer-recorder-module-collector",
           "stack": [
              "java.base\/jdk.internal.misc.Unsafe.park(Native Method)",
              "java.base\/java.util.concurrent.locks.LockSupport.parkNanos(LockSupport.java:269)",
              "java.base\/java.util.concurrent.locks.AbstractQueuedSynchronizer$ConditionObject.awaitNanos(AbstractQueuedSynchronizer.java:1758)",
              "java.base\/java.util.concurrent.ScheduledThreadPoolExecutor$DelayedWorkQueue.take(ScheduledThreadPoolExecutor.java:1182)",
              "java.base\/java.util.concurrent.ScheduledThreadPoolExecutor$DelayedWorkQueue.take(ScheduledThreadPoolExecutor.java:899)",
              "java.base\/java.util.concurrent.ThreadPoolExecutor.getTask(ThreadPoolExecutor.java:1070)",
              "java.base\/java.util.concurrent.ThreadPoolExecutor.runWorker(ThreadPoolExecutor.java:1130)",
              "java.base\/java.util.concurrent.ThreadPoolExecutor$Worker.run(ThreadPoolExecutor.java:642)",
              "java.base\/java.lang.Thread.run(Thread.java:1583)"
           ]
         }
        ],
        "threadCount": "1"
      },
      {
        "container": "java.util.concurrent.ScheduledThreadPoolExecutor@479460a6",
        "parent": "<root>",
        "owner": null,
        "threads": [
         {
           "tid": "48",
           "name": "VirtualThread-unparker",
           "stack": [
              "java.base\/jdk.internal.misc.Unsafe.park(Native Method)",
              "java.base\/java.util.concurrent.locks.LockSupport.parkNanos(LockSupport.java:269)",
              "java.base\/java.util.concurrent.locks.AbstractQueuedSynchronizer$ConditionObject.awaitNanos(AbstractQueuedSynchronizer.java:1758)",
              "java.base\/java.util.concurrent.ScheduledThreadPoolExecutor$DelayedWorkQueue.take(ScheduledThreadPoolExecutor.java:1182)",
              "java.base\/java.util.concurrent.ScheduledThreadPoolExecutor$DelayedWorkQueue.take(ScheduledThreadPoolExecutor.java:899)",
              "java.base\/java.util.concurrent.ThreadPoolExecutor.getTask(ThreadPoolExecutor.java:1070)",
              "java.base\/java.util.concurrent.ThreadPoolExecutor.runWorker(ThreadPoolExecutor.java:1130)",
              "java.base\/java.util.concurrent.ThreadPoolExecutor$Worker.run(ThreadPoolExecutor.java:642)",
              "java.base\/java.lang.Thread.run(Thread.java:1583)",
              "java.base\/jdk.internal.misc.InnocuousThread.run(InnocuousThread.java:186)"
           ]
         }
        ],
        "threadCount": "1"
      },
      {
        "container": "java.util.concurrent.ScheduledThreadPoolExecutor@3f7f3336",
        "parent": "<root>",
        "owner": null,
        "threads": [
         {
           "tid": "43",
           "name": "Jeyzer-recorder-jar-path-collector",
           "stack": [
              "java.base\/jdk.internal.misc.Unsafe.park(Native Method)",
              "java.base\/java.util.concurrent.locks.LockSupport.parkNanos(LockSupport.java:269)",
              "java.base\/java.util.concurrent.locks.AbstractQueuedSynchronizer$ConditionObject.awaitNanos(AbstractQueuedSynchronizer.java:1758)",
              "java.base\/java.util.concurrent.ScheduledThreadPoolExecutor$DelayedWorkQueue.take(ScheduledThreadPoolExecutor.java:1182)",
              "java.base\/java.util.concurrent.ScheduledThreadPoolExecutor$DelayedWorkQueue.take(ScheduledThreadPoolExecutor.java:899)",
              "java.base\/java.util.concurrent.ThreadPoolExecutor.getTask(ThreadPoolExecutor.java:1070)",
              "java.base\/java.util.concurrent.ThreadPoolExecutor.runWorker(ThreadPoolExecutor.java:1130)",
              "java.base\/java.util.concurrent.ThreadPoolExecutor$Worker.run(ThreadPoolExecutor.java:642)",
              "java.base\/java.lang.Thread.run(Thread.java:1583)"
           ]
         }
        ],
        "threadCount": "1"
      },
      {
        "container": "java.util.concurrent.ScheduledThreadPoolExecutor@43814d18",
        "parent": "<root>",
        "owner": null,
        "threads": [
         {
           "tid": "24",
           "name": "Jeyzer-recorder-archiver",
           "stack": [
              "java.base\/jdk.internal.misc.Unsafe.park(Native Method)",
              "java.base\/java.util.concurrent.locks.LockSupport.parkNanos(LockSupport.java:269)",
              "java.base\/java.util.concurrent.locks.AbstractQueuedSynchronizer$ConditionObject.awaitNanos(AbstractQueuedSynchronizer.java:1758)",
              "java.base\/java.util.concurrent.ScheduledThreadPoolExecutor$DelayedWorkQueue.take(ScheduledThreadPoolExecutor.java:1182)",
              "java.base\/java.util.concurrent.ScheduledThreadPoolExecutor$DelayedWorkQueue.take(ScheduledThreadPoolExecutor.java:899)",
              "java.base\/java.util.concurrent.ThreadPoolExecutor.getTask(ThreadPoolExecutor.java:1070)",
              "java.base\/java.util.concurrent.ThreadPoolExecutor.runWorker(ThreadPoolExecutor.java:1130)",
              "java.base\/java.util.concurrent.ThreadPoolExecutor$Worker.run(ThreadPoolExecutor.java:642)",
              "java.base\/java.lang.Thread.run(Thread.java:1583)"
           ]
         }
        ],
        "threadCount": "1"
      },
      {
        "container": "java.util.concurrent.ThreadPoolExecutor@727eb8cb",
        "parent": "<root>",
        "owner": null,
        "threads": [
        ],
        "threadCount": "0"
      },
      {
        "container": "java.util.concurrent.ScheduledThreadPoolExecutor@3dfc5fb8",
        "parent": "<root>",
        "owner": null,
        "threads": [
         {
           "tid": "25",
           "name": "Jeyzer-recorder",
           "stack": [
              "java.base\/jdk.internal.misc.Unsafe.park(Native Method)",
              "java.base\/java.util.concurrent.locks.LockSupport.parkNanos(LockSupport.java:269)",
              "java.base\/java.util.concurrent.locks.AbstractQueuedSynchronizer$ConditionObject.awaitNanos(AbstractQueuedSynchronizer.java:1758)",
              "java.base\/java.util.concurrent.ScheduledThreadPoolExecutor$DelayedWorkQueue.take(ScheduledThreadPoolExecutor.java:1182)",
              "java.base\/java.util.concurrent.ScheduledThreadPoolExecutor$DelayedWorkQueue.take(ScheduledThreadPoolExecutor.java:899)",
              "java.base\/java.util.concurrent.ThreadPoolExecutor.getTask(ThreadPoolExecutor.java:1070)",
              "java.base\/java.util.concurrent.ThreadPoolExecutor.runWorker(ThreadPoolExecutor.java:1130)",
              "java.base\/java.util.concurrent.ThreadPoolExecutor$Worker.run(ThreadPoolExecutor.java:642)",
              "java.base\/java.lang.Thread.run(Thread.java:1583)"
           ]
         }
        ],
        "threadCount": "1"
      },
      {
        "container": "java.util.concurrent.ScheduledThreadPoolExecutor@d0d2668",
        "parent": "<root>",
        "owner": null,
        "threads": [
         {
           "tid": "45",
           "name": "Jeyzer-recorder-jvm-flag-collector",
           "stack": [
              "java.base\/jdk.internal.misc.Unsafe.park(Native Method)",
              "java.base\/java.util.concurrent.locks.LockSupport.parkNanos(LockSupport.java:269)",
              "java.base\/java.util.concurrent.locks.AbstractQueuedSynchronizer$ConditionObject.awaitNanos(AbstractQueuedSynchronizer.java:1758)",
              "java.base\/java.util.concurrent.ScheduledThreadPoolExecutor$DelayedWorkQueue.take(ScheduledThreadPoolExecutor.java:1182)",
              "java.base\/java.util.concurrent.ScheduledThreadPoolExecutor$DelayedWorkQueue.take(ScheduledThreadPoolExecutor.java:899)",
              "java.base\/java.util.concurrent.ThreadPoolExecutor.getTask(ThreadPoolExecutor.java:1070)",
              "java.base\/java.util.concurrent.ThreadPoolExecutor.runWorker(ThreadPoolExecutor.java:1130)",
              "java.base\/java.util.concurrent.ThreadPoolExecutor$Worker.run(ThreadPoolExecutor.java:642)",
              "java.base\/java.lang.Thread.run(Thread.java:1583)"
           ]
         }
        ],
        "threadCount": "1"
      },
      {
        "container": "ForkJoinPool-1\/jdk.internal.vm.SharedThreadContainer@40fc028e",
        "parent": "<root>",
        "owner": null,
        "threads": [
         {
           "tid": "47",
           "name": "ForkJoinPool-1-worker-1",
           "stack": [
              "java.base\/jdk.internal.misc.Unsafe.park(Native Method)",
              "java.base\/java.util.concurrent.locks.LockSupport.parkUntil(LockSupport.java:449)",
              "java.base\/java.util.concurrent.ForkJoinPool.awaitWork(ForkJoinPool.java:1891)",
              "java.base\/java.util.concurrent.ForkJoinPool.runWorker(ForkJoinPool.java:1809)",
              "java.base\/java.util.concurrent.ForkJoinWorkerThread.run(ForkJoinWorkerThread.java:188)"
           ]
         }
        ],
        "threadCount": "1"
      },
      {
        "container": "ForkJoinPool.commonPool\/jdk.internal.vm.SharedThreadContainer@249aba49",
        "parent": "<root>",
        "owner": null,
        "threads": [
        ],
        "threadCount": "0"
      },
      {
        "container": "java.util.concurrent.ThreadPoolExecutor@507c1a4f",
        "parent": "<root>",
        "owner": null,
        "threads": [
        ],
        "threadCount": "0"
      },
      {
        "container": "java.util.concurrent.ThreadPerTaskExecutor@68cdab02",
        "parent": "<root>",
        "owner": null,
        "threads": [
         {
           "tid": "46",
           "name": "",
           "stack": [
              "java.base\/java.lang.VirtualThread.parkNanos(VirtualThread.java:631)",
              "java.base\/java.lang.VirtualThread.sleepNanos(VirtualThread.java:803)",
              "java.base\/java.lang.Thread.sleep(Thread.java:590)",
              "org.jeyzer.demo.virtualthreads.TestSequence.sleep(TestSequence.java:30)",
              "org.jeyzer.demo.virtualthreads.ThousandsVirtualThreads.work(ThousandsVirtualThreads.java:57)",
              "org.jeyzer.demo.virtualthreads.ThousandsVirtualThreads.lambda$virtualThreadsByThousandsSequence$0(ThousandsVirtualThreads.java:33)",
              "java.base\/java.util.concurrent.FutureTask.run(FutureTask.java:317)",
              "java.base\/java.lang.VirtualThread.run(VirtualThread.java:311)"
           ]
         },
         {
           "tid": "49",
           "name": "",
           "stack": [
              "java.base\/java.lang.VirtualThread.parkNanos(VirtualThread.java:631)",
              "java.base\/java.lang.VirtualThread.sleepNanos(VirtualThread.java:803)",
              "java.base\/java.lang.Thread.sleep(Thread.java:590)",
              "org.jeyzer.demo.virtualthreads.TestSequence.sleep(TestSequence.java:30)",
              "org.jeyzer.demo.virtualthreads.ThousandsVirtualThreads.work(ThousandsVirtualThreads.java:57)",
              "org.jeyzer.demo.virtualthreads.ThousandsVirtualThreads.lambda$virtualThreadsByThousandsSequence$0(ThousandsVirtualThreads.java:33)",
              "java.base\/java.util.concurrent.FutureTask.run(FutureTask.java:317)",
              "java.base\/java.lang.VirtualThread.run(VirtualThread.java:311)"
           ]
         },
         {
           "tid": "50",
           "name": "",
           "stack": [
              "java.base\/java.lang.VirtualThread.parkNanos(VirtualThread.java:631)",
              "java.base\/java.lang.VirtualThread.sleepNanos(VirtualThread.java:803)",
              "java.base\/java.lang.Thread.sleep(Thread.java:590)",
              "org.jeyzer.demo.virtualthreads.TestSequence.sleep(TestSequence.java:30)",
              "org.jeyzer.demo.virtualthreads.ThousandsVirtualThreads.work(ThousandsVirtualThreads.java:57)",
              "org.jeyzer.demo.virtualthreads.ThousandsVirtualThreads.lambda$virtualThreadsByThousandsSequence$0(ThousandsVirtualThreads.java:33)",
              "java.base\/java.util.concurrent.FutureTask.run(FutureTask.java:317)",
              "java.base\/java.lang.VirtualThread.run(VirtualThread.java:311)"
           ]
         },
         {
           "tid": "51",
           "name": "",
           "stack": [
              "java.base\/java.lang.VirtualThread.parkNanos(VirtualThread.java:631)",
              "java.base\/java.lang.VirtualThread.sleepNanos(VirtualThread.java:803)",
              "java.base\/java.lang.Thread.sleep(Thread.java:590)",
              "org.jeyzer.demo.virtualthreads.TestSequence.sleep(TestSequence.java:30)",
              "org.jeyzer.demo.virtualthreads.ThousandsVirtualThreads.work(ThousandsVirtualThreads.java:57)",
              "org.jeyzer.demo.virtualthreads.ThousandsVirtualThreads.lambda$virtualThreadsByThousandsSequence$0(ThousandsVirtualThreads.java:33)",
              "java.base\/java.util.concurrent.FutureTask.run(FutureTask.java:317)",
              "java.base\/java.lang.VirtualThread.run(VirtualThread.java:311)"
           ]
         },
         {
           "tid": "52",
           "name": "",
           "stack": [
              "java.base\/java.lang.VirtualThread.parkNanos(VirtualThread.java:631)",
              "java.base\/java.lang.VirtualThread.sleepNanos(VirtualThread.java:803)",
              "java.base\/java.lang.Thread.sleep(Thread.java:590)",
              "org.jeyzer.demo.virtualthreads.TestSequence.sleep(TestSequence.java:30)",
              "org.jeyzer.demo.virtualthreads.ThousandsVirtualThreads.work(ThousandsVirtualThreads.java:57)",
              "org.jeyzer.demo.virtualthreads.ThousandsVirtualThreads.lambda$virtualThreadsByThousandsSequence$0(ThousandsVirtualThreads.java:33)",
              "java.base\/java.util.concurrent.FutureTask.run(FutureTask.java:317)",
              "java.base\/java.lang.VirtualThread.run(VirtualThread.java:311)"
           ]
         },
         {
           "tid": "53",
           "name": "",
           "stack": [
              "java.base\/java.lang.VirtualThread.parkNanos(VirtualThread.java:631)",
              "java.base\/java.lang.VirtualThread.sleepNanos(VirtualThread.java:803)",
              "java.base\/java.lang.Thread.sleep(Thread.java:590)",
              "org.jeyzer.demo.virtualthreads.TestSequence.sleep(TestSequence.java:30)",
              "org.jeyzer.demo.virtualthreads.ThousandsVirtualThreads.work(ThousandsVirtualThreads.java:57)",
              "org.jeyzer.demo.virtualthreads.ThousandsVirtualThreads.lambda$virtualThreadsByThousandsSequence$0(ThousandsVirtualThreads.java:33)",
              "java.base\/java.util.concurrent.FutureTask.run(FutureTask.java:317)",
              "java.base\/java.lang.VirtualThread.run(VirtualThread.java:311)"
           ]
         },
         {
           "tid": "54",
           "name": "",
           "stack": [
              "java.base\/java.lang.VirtualThread.parkNanos(VirtualThread.java:631)",
              "java.base\/java.lang.VirtualThread.sleepNanos(VirtualThread.java:803)",
              "java.base\/java.lang.Thread.sleep(Thread.java:590)",
              "org.jeyzer.demo.virtualthreads.TestSequence.sleep(TestSequence.java:30)",
              "org.jeyzer.demo.virtualthreads.ThousandsVirtualThreads.work(ThousandsVirtualThreads.java:57)",
              "org.jeyzer.demo.virtualthreads.ThousandsVirtualThreads.lambda$virtualThreadsByThousandsSequence$0(ThousandsVirtualThreads.java:33)",
              "java.base\/java.util.concurrent.FutureTask.run(FutureTask.java:317)",
              "java.base\/java.lang.VirtualThread.run(VirtualThread.java:311)"
           ]
         },
         {
           "tid": "55",
           "name": "",
           "stack": [
              "java.base\/java.lang.VirtualThread.parkNanos(VirtualThread.java:631)",
              "java.base\/java.lang.VirtualThread.sleepNanos(VirtualThread.java:803)",
              "java.base\/java.lang.Thread.sleep(Thread.java:590)",
              "org.jeyzer.demo.virtualthreads.TestSequence.sleep(TestSequence.java:30)",
              "org.jeyzer.demo.virtualthreads.ThousandsVirtualThreads.work(ThousandsVirtualThreads.java:57)",
              "org.jeyzer.demo.virtualthreads.ThousandsVirtualThreads.lambda$virtualThreadsByThousandsSequence$0(ThousandsVirtualThreads.java:33)",
              "java.base\/java.util.concurrent.FutureTask.run(FutureTask.java:317)",
              "java.base\/java.lang.VirtualThread.run(VirtualThread.java:311)"
           ]
         },
         {
           "tid": "56",
           "name": "",
           "stack": [
              "java.base\/java.lang.VirtualThread.parkNanos(VirtualThread.java:631)",
              "java.base\/java.lang.VirtualThread.sleepNanos(VirtualThread.java:803)",
              "java.base\/java.lang.Thread.sleep(Thread.java:590)",
              "org.jeyzer.demo.virtualthreads.TestSequence.sleep(TestSequence.java:30)",
              "org.jeyzer.demo.virtualthreads.ThousandsVirtualThreads.work(ThousandsVirtualThreads.java:57)",
              "org.jeyzer.demo.virtualthreads.ThousandsVirtualThreads.lambda$virtualThreadsByThousandsSequence$0(ThousandsVirtualThreads.java:33)",
              "java.base\/java.util.concurrent.FutureTask.run(FutureTask.java:317)",
              "java.base\/java.lang.VirtualThread.run(VirtualThread.java:311)"
           ]
         },
         {
           "tid": "57",
           "name": "",
           "stack": [
              "java.base\/java.lang.VirtualThread.parkNanos(VirtualThread.java:631)",
              "java.base\/java.lang.VirtualThread.sleepNanos(VirtualThread.java:803)",
              "java.base\/java.lang.Thread.sleep(Thread.java:590)",
              "org.jeyzer.demo.virtualthreads.TestSequence.sleep(TestSequence.java:30)",
              "org.jeyzer.demo.virtualthreads.ThousandsVirtualThreads.work(ThousandsVirtualThreads.java:57)",
              "org.jeyzer.demo.virtualthreads.ThousandsVirtualThreads.lambda$virtualThreadsByThousandsSequence$0(ThousandsVirtualThreads.java:33)",
              "java.base\/java.util.concurrent.FutureTask.run(FutureTask.java:317)",
              "java.base\/java.lang.VirtualThread.run(VirtualThread.java:311)"
           ]
         },
         {
           "tid": "58",
           "name": "",
           "stack": [
              "java.base\/java.lang.VirtualThread.parkNanos(VirtualThread.java:631)",
              "java.base\/java.lang.VirtualThread.sleepNanos(VirtualThread.java:803)",
              "java.base\/java.lang.Thread.sleep(Thread.java:590)",
              "org.jeyzer.demo.virtualthreads.TestSequence.sleep(TestSequence.java:30)",
              "org.jeyzer.demo.virtualthreads.ThousandsVirtualThreads.work(ThousandsVirtualThreads.java:57)",
              "org.jeyzer.demo.virtualthreads.ThousandsVirtualThreads.lambda$virtualThreadsByThousandsSequence$0(ThousandsVirtualThreads.java:33)",
              "java.base\/java.util.concurrent.FutureTask.run(FutureTask.java:317)",
              "java.base\/java.lang.VirtualThread.run(VirtualThread.java:311)"
           ]
         },
         {
           "tid": "59",
           "name": "",
           "stack": [
              "java.base\/java.lang.VirtualThread.parkNanos(VirtualThread.java:631)",
              "java.base\/java.lang.VirtualThread.sleepNanos(VirtualThread.java:803)",
              "java.base\/java.lang.Thread.sleep(Thread.java:590)",
              "org.jeyzer.demo.virtualthreads.TestSequence.sleep(TestSequence.java:30)",
              "org.jeyzer.demo.virtualthreads.ThousandsVirtualThreads.work(ThousandsVirtualThreads.java:57)",
              "org.jeyzer.demo.virtualthreads.ThousandsVirtualThreads.lambda$virtualThreadsByThousandsSequence$0(ThousandsVirtualThreads.java:33)",
              "java.base\/java.util.concurrent.FutureTask.run(FutureTask.java:317)",
              "java.base\/java.lang.VirtualThread.run(VirtualThread.java:311)"
           ]
         },
         {
           "tid": "60",
           "name": "",
           "stack": [
              "java.base\/java.lang.VirtualThread.parkNanos(VirtualThread.java:631)",
              "java.base\/java.lang.VirtualThread.sleepNanos(VirtualThread.java:803)",
              "java.base\/java.lang.Thread.sleep(Thread.java:590)",
              "org.jeyzer.demo.virtualthreads.TestSequence.sleep(TestSequence.java:30)",
              "org.jeyzer.demo.virtualthreads.ThousandsVirtualThreads.work(ThousandsVirtualThreads.java:57)",
              "org.jeyzer.demo.virtualthreads.ThousandsVirtualThreads.lambda$virtualThreadsByThousandsSequence$0(ThousandsVirtualThreads.java:33)",
              "java.base\/java.util.concurrent.FutureTask.run(FutureTask.java:317)",
              "java.base\/java.lang.VirtualThread.run(VirtualThread.java:311)"
           ]
         },
         {
           "tid": "61",
           "name": "",
           "stack": [
              "java.base\/java.lang.VirtualThread.parkNanos(VirtualThread.java:631)",
              "java.base\/java.lang.VirtualThread.sleepNanos(VirtualThread.java:803)",
              "java.base\/java.lang.Thread.sleep(Thread.java:590)",
              "org.jeyzer.demo.virtualthreads.TestSequence.sleep(TestSequence.java:30)",
              "org.jeyzer.demo.virtualthreads.ThousandsVirtualThreads.work(ThousandsVirtualThreads.java:57)",
              "org.jeyzer.demo.virtualthreads.ThousandsVirtualThreads.lambda$virtualThreadsByThousandsSequence$0(ThousandsVirtualThreads.java:33)",
              "java.base\/java.util.concurrent.FutureTask.run(FutureTask.java:317)",
              "java.base\/java.lang.VirtualThread.run(VirtualThread.java:311)"
           ]
         },
         {
           "tid": "62",
           "name": "",
           "stack": [
              "java.base\/java.lang.VirtualThread.parkNanos(VirtualThread.java:631)",
              "java.base\/java.lang.VirtualThread.sleepNanos(VirtualThread.java:803)",
              "java.base\/java.lang.Thread.sleep(Thread.java:590)",
              "org.jeyzer.demo.virtualthreads.TestSequence.sleep(TestSequence.java:30)",
              "org.jeyzer.demo.virtualthreads.ThousandsVirtualThreads.work(ThousandsVirtualThreads.java:57)",
              "org.jeyzer.demo.virtualthreads.ThousandsVirtualThreads.lambda$virtualThreadsByThousandsSequence$0(ThousandsVirtualThreads.java:33)",
              "java.base\/java.util.concurrent.FutureTask.run(FutureTask.java:317)",
              "java.base\/java.lang.VirtualThread.run(VirtualThread.java:311)"
           ]
         },
         {
           "tid": "63",
           "name": "",
           "stack": [
              "java.base\/java.lang.VirtualThread.parkNanos(VirtualThread.java:631)",
              "java.base\/java.lang.VirtualThread.sleepNanos(VirtualThread.java:803)",
              "java.base\/java.lang.Thread.sleep(Thread.java:590)",
              "org.jeyzer.demo.virtualthreads.TestSequence.sleep(TestSequence.java:30)",
              "org.jeyzer.demo.virtualthreads.ThousandsVirtualThreads.work(ThousandsVirtualThreads.java:57)",
              "org.jeyzer.demo.virtualthreads.ThousandsVirtualThreads.lambda$virtualThreadsByThousandsSequence$0(ThousandsVirtualThreads.java:33)",
              "java.base\/java.util.concurrent.FutureTask.run(FutureTask.java:317)",
              "java.base\/java.lang.VirtualThread.run(VirtualThread.java:311)"
           ]
         },
         {
           "tid": "64",
           "name": "",
           "stack": [
              "java.base\/java.lang.VirtualThread.parkNanos(VirtualThread.java:631)",
              "java.base\/java.lang.VirtualThread.sleepNanos(VirtualThread.java:803)",
              "java.base\/java.lang.Thread.sleep(Thread.java:590)",
              "org.jeyzer.demo.virtualthreads.TestSequence.sleep(TestSequence.java:30)",
              "org.jeyzer.demo.virtualthreads.ThousandsVirtualThreads.work(ThousandsVirtualThreads.java:57)",
              "org.jeyzer.demo.virtualthreads.ThousandsVirtualThreads.lambda$virtualThreadsByThousandsSequence$0(ThousandsVirtualThreads.java:33)",
              "java.base\/java.util.concurrent.FutureTask.run(FutureTask.java:317)",
              "java.base\/java.lang.VirtualThread.run(VirtualThread.java:311)"
           ]
         },
         {
           "tid": "65",
           "name": "",
           "stack": [
              "java.base\/java.lang.VirtualThread.parkNanos(VirtualThread.java:631)",
              "java.base\/java.lang.VirtualThread.sleepNanos(VirtualThread.java:803)",
              "java.base\/java.lang.Thread.sleep(Thread.java:590)",
              "org.jeyzer.demo.virtualthreads.TestSequence.sleep(TestSequence.java:30)",
              "org.jeyzer.demo.virtualthreads.ThousandsVirtualThreads.work(ThousandsVirtualThreads.java:57)",
              "org.jeyzer.demo.virtualthreads.ThousandsVirtualThreads.lambda$virtualThreadsByThousandsSequence$0(ThousandsVirtualThreads.java:33)",
              "java.base\/java.util.concurrent.FutureTask.run(FutureTask.java:317)",
              "java.base\/java.lang.VirtualThread.run(VirtualThread.java:311)"
           ]
         },
         {
           "tid": "66",
           "name": "",
           "stack": [
              "java.base\/java.lang.VirtualThread.parkNanos(VirtualThread.java:631)",
              "java.base\/java.lang.VirtualThread.sleepNanos(VirtualThread.java:803)",
              "java.base\/java.lang.Thread.sleep(Thread.java:590)",
              "org.jeyzer.demo.virtualthreads.TestSequence.sleep(TestSequence.java:30)",
              "org.jeyzer.demo.virtualthreads.ThousandsVirtualThreads.work(ThousandsVirtualThreads.java:57)",
              "org.jeyzer.demo.virtualthreads.ThousandsVirtualThreads.lambda$virtualThreadsByThousandsSequence$0(ThousandsVirtualThreads.java:33)",
              "java.base\/java.util.concurrent.FutureTask.run(FutureTask.java:317)",
              "java.base\/java.lang.VirtualThread.run(VirtualThread.java:311)"
           ]
         },
         {
           "tid": "67",
           "name": "",
           "stack": [
              "java.base\/java.lang.VirtualThread.parkNanos(VirtualThread.java:631)",
              "java.base\/java.lang.VirtualThread.sleepNanos(VirtualThread.java:803)",
              "java.base\/java.lang.Thread.sleep(Thread.java:590)",
              "org.jeyzer.demo.virtualthreads.TestSequence.sleep(TestSequence.java:30)",
              "org.jeyzer.demo.virtualthreads.ThousandsVirtualThreads.work(ThousandsVirtualThreads.java:57)",
              "org.jeyzer.demo.virtualthreads.ThousandsVirtualThreads.lambda$virtualThreadsByThousandsSequence$0(ThousandsVirtualThreads.java:33)",
              "java.base\/java.util.concurrent.FutureTask.run(FutureTask.java:317)",
              "java.base\/java.lang.VirtualThread.run(VirtualThread.java:311)"
           ]
         },
         {
           "tid": "68",
           "name": "",
           "stack": [
              "java.base\/java.lang.VirtualThread.parkNanos(VirtualThread.java:631)",
              "java.base\/java.lang.VirtualThread.sleepNanos(VirtualThread.java:803)",
              "java.base\/java.lang.Thread.sleep(Thread.java:590)",
              "org.jeyzer.demo.virtualthreads.TestSequence.sleep(TestSequence.java:30)",
              "org.jeyzer.demo.virtualthreads.ThousandsVirtualThreads.work(ThousandsVirtualThreads.java:57)",
              "org.jeyzer.demo.virtualthreads.ThousandsVirtualThreads.lambda$virtualThreadsByThousandsSequence$0(ThousandsVirtualThreads.java:33)",
              "java.base\/java.util.concurrent.FutureTask.run(FutureTask.java:317)",
              "java.base\/java.lang.VirtualThread.run(VirtualThread.java:311)"
           ]
         },
         {
           "tid": "69",
           "name": "",
           "stack": [
              "java.base\/java.lang.VirtualThread.parkNanos(VirtualThread.java:631)",
              "java.base\/java.lang.VirtualThread.sleepNanos(VirtualThread.java:803)",
              "java.base\/java.lang.Thread.sleep(Thread.java:590)",
              "org.jeyzer.demo.virtualthreads.TestSequence.sleep(TestSequence.java:30)",
              "org.jeyzer.demo.virtualthreads.ThousandsVirtualThreads.work(ThousandsVirtualThreads.java:57)",
              "org.jeyzer.demo.virtualthreads.ThousandsVirtualThreads.lambda$virtualThreadsByThousandsSequence$0(ThousandsVirtualThreads.java:33)",
              "java.base\/java.util.concurrent.FutureTask.run(FutureTask.java:317)",
              "java.base\/java.lang.VirtualThread.run(VirtualThread.java:311)"
           ]
         },
         {
           "tid": "70",
           "name": "",
           "stack": [
              "java.base\/java.lang.VirtualThread.parkNanos(VirtualThread.java:631)",
              "java.base\/java.lang.VirtualThread.sleepNanos(VirtualThread.java:803)",
              "java.base\/java.lang.Thread.sleep(Thread.java:590)",
              "org.jeyzer.demo.virtualthreads.TestSequence.sleep(TestSequence.java:30)",
              "org.jeyzer.demo.virtualthreads.ThousandsVirtualThreads.work(ThousandsVirtualThreads.java:57)",
              "org.jeyzer.demo.virtualthreads.ThousandsVirtualThreads.lambda$virtualThreadsByThousandsSequence$0(ThousandsVirtualThreads.java:33)",
              "java.base\/java.util.concurrent.FutureTask.run(FutureTask.java:317)",
              "java.base\/java.lang.VirtualThread.run(VirtualThread.java:311)"
           ]
         },
         {
           "tid": "71",
           "name": "",
           "stack": [
              "java.base\/java.lang.VirtualThread.parkNanos(VirtualThread.java:631)",
              "java.base\/java.lang.VirtualThread.sleepNanos(VirtualThread.java:803)",
              "java.base\/java.lang.Thread.sleep(Thread.java:590)",
              "org.jeyzer.demo.virtualthreads.TestSequence.sleep(TestSequence.java:30)",
              "org.jeyzer.demo.virtualthreads.ThousandsVirtualThreads.work(ThousandsVirtualThreads.java:57)",
              "org.jeyzer.demo.virtualthreads.ThousandsVirtualThreads.lambda$virtualThreadsByThousandsSequence$0(ThousandsVirtualThreads.java:33)",
              "java.base\/java.util.concurrent.FutureTask.run(FutureTask.java:317)",
              "java.base\/java.lang.VirtualThread.run(VirtualThread.java:311)"
           ]
         },
         {
           "tid": "72",
           "name": "",
           "stack": [
              "java.base\/java.lang.VirtualThread.parkNanos(VirtualThread.java:631)",
              "java.base\/java.lang.VirtualThread.sleepNanos(VirtualThread.java:803)",
              "java.base\/java.lang.Thread.sleep(Thread.java:590)",
              "org.jeyzer.demo.virtualthreads.TestSequence.sleep(TestSequence.java:30)",
              "org.jeyzer.demo.virtualthreads.ThousandsVirtualThreads.work(ThousandsVirtualThreads.java:57)",
              "org.jeyzer.demo.virtualthreads.ThousandsVirtualThreads.lambda$virtualThreadsByThousandsSequence$0(ThousandsVirtualThreads.java:33)",
              "java.base\/java.util.concurrent.FutureTask.run(FutureTask.java:317)",
              "java.base\/java.lang.VirtualThread.run(VirtualThread.java:311)"
           ]
         },
         {
           "tid": "73",
           "name": "",
           "stack": [
              "java.base\/java.lang.VirtualThread.parkNanos(VirtualThread.java:631)",
              "java.base\/java.lang.VirtualThread.sleepNanos(VirtualThread.java:803)",
              "java.base\/java.lang.Thread.sleep(Thread.java:590)",
              "org.jeyzer.demo.virtualthreads.TestSequence.sleep(TestSequence.java:30)",
              "org.jeyzer.demo.virtualthreads.ThousandsVirtualThreads.work(ThousandsVirtualThreads.java:57)",
              "org.jeyzer.demo.virtualthreads.ThousandsVirtualThreads.lambda$virtualThreadsByThousandsSequence$0(ThousandsVirtualThreads.java:33)",
              "java.base\/java.util.concurrent.FutureTask.run(FutureTask.java:317)",
              "java.base\/java.lang.VirtualThread.run(VirtualThread.java:311)"
           ]
         },
         {
           "tid": "74",
           "name": "",
           "stack": [
              "java.base\/java.lang.VirtualThread.parkNanos(VirtualThread.java:631)",
              "java.base\/java.lang.VirtualThread.sleepNanos(VirtualThread.java:803)",
              "java.base\/java.lang.Thread.sleep(Thread.java:590)",
              "org.jeyzer.demo.virtualthreads.TestSequence.sleep(TestSequence.java:30)",
              "org.jeyzer.demo.virtualthreads.ThousandsVirtualThreads.work(ThousandsVirtualThreads.java:57)",
              "org.jeyzer.demo.virtualthreads.ThousandsVirtualThreads.lambda$virtualThreadsByThousandsSequence$0(ThousandsVirtualThreads.java:33)",
              "java.base\/java.util.concurrent.FutureTask.run(FutureTask.java:317)",
              "java.base\/java.lang.VirtualThread.run(VirtualThread.java:311)"
           ]
         },
         {
           "tid": "75",
           "name": "",
           "stack": [
              "java.base\/java.lang.VirtualThread.parkNanos(VirtualThread.java:631)",
              "java.base\/java.lang.VirtualThread.sleepNanos(VirtualThread.java:803)",
              "java.base\/java.lang.Thread.sleep(Thread.java:590)",
              "org.jeyzer.demo.virtualthreads.TestSequence.sleep(TestSequence.java:30)",
              "org.jeyzer.demo.virtualthreads.ThousandsVirtualThreads.work(ThousandsVirtualThreads.java:57)",
              "org.jeyzer.demo.virtualthreads.ThousandsVirtualThreads.lambda$virtualThreadsByThousandsSequence$0(ThousandsVirtualThreads.java:33)",
              "java.base\/java.util.concurrent.FutureTask.run(FutureTask.java:317)",
              "java.base\/java.lang.VirtualThread.run(VirtualThread.java:311)"
           ]
         },
         {
           "tid": "76",
           "name": "",
           "stack": [
              "java.base\/java.lang.VirtualThread.parkNanos(VirtualThread.java:631)",
              "java.base\/java.lang.VirtualThread.sleepNanos(VirtualThread.java:803)",
              "java.base\/java.lang.Thread.sleep(Thread.java:590)",
              "org.jeyzer.demo.virtualthreads.TestSequence.sleep(TestSequence.java:30)",
              "org.jeyzer.demo.virtualthreads.ThousandsVirtualThreads.work(ThousandsVirtualThreads.java:57)",
              "org.jeyzer.demo.virtualthreads.ThousandsVirtualThreads.lambda$virtualThreadsByThousandsSequence$0(ThousandsVirtualThreads.java:33)",
              "java.base\/java.util.concurrent.FutureTask.run(FutureTask.java:317)",
              "java.base\/java.lang.VirtualThread.run(VirtualThread.java:311)"
           ]
         },
         {
           "tid": "77",
           "name": "",
           "stack": [
              "java.base\/java.lang.VirtualThread.parkNanos(VirtualThread.java:631)",
              "java.base\/java.lang.VirtualThread.sleepNanos(VirtualThread.java:803)",
              "java.base\/java.lang.Thread.sleep(Thread.java:590)",
              "org.jeyzer.demo.virtualthreads.TestSequence.sleep(TestSequence.java:30)",
              "org.jeyzer.demo.virtualthreads.ThousandsVirtualThreads.work(ThousandsVirtualThreads.java:57)",
              "org.jeyzer.demo.virtualthreads.ThousandsVirtualThreads.lambda$virtualThreadsByThousandsSequence$0(ThousandsVirtualThreads.java:33)",
              "java.base\/java.util.concurrent.FutureTask.run(FutureTask.java:317)",
              "java.base\/java.lang.VirtualThread.run(VirtualThread.java:311)"
           ]
         },
         {
           "tid": "78",
           "name": "",
           "stack": [
              "java.base\/java.lang.VirtualThread.parkNanos(VirtualThread.java:631)",
              "java.base\/java.lang.VirtualThread.sleepNanos(VirtualThread.java:803)",
              "java.base\/java.lang.Thread.sleep(Thread.java:590)",
              "org.jeyzer.demo.virtualthreads.TestSequence.sleep(TestSequence.java:30)",
              "org.jeyzer.demo.virtualthreads.ThousandsVirtualThreads.work(ThousandsVirtualThreads.java:57)",
              "org.jeyzer.demo.virtualthreads.ThousandsVirtualThreads.lambda$virtualThreadsByThousandsSequence$0(ThousandsVirtualThreads.java:33)",
              "java.base\/java.util.concurrent.FutureTask.run(FutureTask.java:317)",
              "java.base\/java.lang.VirtualThread.run(VirtualThread.java:311)"
           ]
         },
         {
           "tid": "79",
           "name": "",
           "stack": [
              "java.base\/java.lang.VirtualThread.parkNanos(VirtualThread.java:631)",
              "java.base\/java.lang.VirtualThread.sleepNanos(VirtualThread.java:803)",
              "java.base\/java.lang.Thread.sleep(Thread.java:590)",
              "org.jeyzer.demo.virtualthreads.TestSequence.sleep(TestSequence.java:30)",
              "org.jeyzer.demo.virtualthreads.ThousandsVirtualThreads.work(ThousandsVirtualThreads.java:57)",
              "org.jeyzer.demo.virtualthreads.ThousandsVirtualThreads.lambda$virtualThreadsByThousandsSequence$0(ThousandsVirtualThreads.java:33)",
              "java.base\/java.util.concurrent.FutureTask.run(FutureTask.java:317)",
              "java.base\/java.lang.VirtualThread.run(VirtualThread.java:311)"
           ]
         },
         {
           "tid": "80",
           "name": "",
           "stack": [
              "java.base\/java.lang.VirtualThread.parkNanos(VirtualThread.java:631)",
              "java.base\/java.lang.VirtualThread.sleepNanos(VirtualThread.java:803)",
              "java.base\/java.lang.Thread.sleep(Thread.java:590)",
              "org.jeyzer.demo.virtualthreads.TestSequence.sleep(TestSequence.java:30)",
              "org.jeyzer.demo.virtualthreads.ThousandsVirtualThreads.work(ThousandsVirtualThreads.java:57)",
              "org.jeyzer.demo.virtualthreads.ThousandsVirtualThreads.lambda$virtualThreadsByThousandsSequence$0(ThousandsVirtualThreads.java:33)",
              "java.base\/java.util.concurrent.FutureTask.run(FutureTask.java:317)",
              "java.base\/java.lang.VirtualThread.run(VirtualThread.java:311)"
           ]
         },
         {
           "tid": "81",
           "name": "",
           "stack": [
              "java.base\/java.lang.VirtualThread.parkNanos(VirtualThread.java:631)",
              "java.base\/java.lang.VirtualThread.sleepNanos(VirtualThread.java:803)",
              "java.base\/java.lang.Thread.sleep(Thread.java:590)",
              "org.jeyzer.demo.virtualthreads.TestSequence.sleep(TestSequence.java:30)",
              "org.jeyzer.demo.virtualthreads.ThousandsVirtualThreads.work(ThousandsVirtualThreads.java:57)",
              "org.jeyzer.demo.virtualthreads.ThousandsVirtualThreads.lambda$virtualThreadsByThousandsSequence$0(ThousandsVirtualThreads.java:33)",
              "java.base\/java.util.concurrent.FutureTask.run(FutureTask.java:317)",
              "java.base\/java.lang.VirtualThread.run(VirtualThread.java:311)"
           ]
         },
         {
           "tid": "82",
           "name": "",
           "stack": [
              "java.base\/java.lang.VirtualThread.parkNanos(VirtualThread.java:631)",
              "java.base\/java.lang.VirtualThread.sleepNanos(VirtualThread.java:803)",
              "java.base\/java.lang.Thread.sleep(Thread.java:590)",
              "org.jeyzer.demo.virtualthreads.TestSequence.sleep(TestSequence.java:30)",
              "org.jeyzer.demo.virtualthreads.ThousandsVirtualThreads.work(ThousandsVirtualThreads.java:57)",
              "org.jeyzer.demo.virtualthreads.ThousandsVirtualThreads.lambda$virtualThreadsByThousandsSequence$0(ThousandsVirtualThreads.java:33)",
              "java.base\/java.util.concurrent.FutureTask.run(FutureTask.java:317)",
              "java.base\/java.lang.VirtualThread.run(VirtualThread.java:311)"
           ]
         },
         {
           "tid": "83",
           "name": "",
           "stack": [
              "java.base\/java.lang.VirtualThread.parkNanos(VirtualThread.java:631)",
              "java.base\/java.lang.VirtualThread.sleepNanos(VirtualThread.java:803)",
              "java.base\/java.lang.Thread.sleep(Thread.java:590)",
              "org.jeyzer.demo.virtualthreads.TestSequence.sleep(TestSequence.java:30)",
              "org.jeyzer.demo.virtualthreads.ThousandsVirtualThreads.work(ThousandsVirtualThreads.java:57)",
              "org.jeyzer.demo.virtualthreads.ThousandsVirtualThreads.lambda$virtualThreadsByThousandsSequence$0(ThousandsVirtualThreads.java:33)",
              "java.base\/java.util.concurrent.FutureTask.run(FutureTask.java:317)",
              "java.base\/java.lang.VirtualThread.run(VirtualThread.java:311)"
           ]
         },
         {
           "tid": "84",
           "name": "",
           "stack": [
              "java.base\/java.lang.VirtualThread.parkNanos(VirtualThread.java:631)",
              "java.base\/java.lang.VirtualThread.sleepNanos(VirtualThread.java:803)",
              "java.base\/java.lang.Thread.sleep(Thread.java:590)",
              "org.jeyzer.demo.virtualthreads.TestSequence.sleep(TestSequence.java:30)",
              "org.jeyzer.demo.virtualthreads.ThousandsVirtualThreads.work(ThousandsVirtualThreads.java:57)",
              "org.jeyzer.demo.virtualthreads.ThousandsVirtualThreads.lambda$virtualThreadsByThousandsSequence$0(ThousandsVirtualThreads.java:33)",
              "java.base\/java.util.concurrent.FutureTask.run(FutureTask.java:317)",
              "java.base\/java.lang.VirtualThread.run(VirtualThread.java:311)"
           ]
         },
         {
           "tid": "85",
           "name": "",
           "stack": [
              "java.base\/java.lang.VirtualThread.parkNanos(VirtualThread.java:631)",
              "java.base\/java.lang.VirtualThread.sleepNanos(VirtualThread.java:803)",
              "java.base\/java.lang.Thread.sleep(Thread.java:590)",
              "org.jeyzer.demo.virtualthreads.TestSequence.sleep(TestSequence.java:30)",
              "org.jeyzer.demo.virtualthreads.ThousandsVirtualThreads.work(ThousandsVirtualThreads.java:57)",
              "org.jeyzer.demo.virtualthreads.ThousandsVirtualThreads.lambda$virtualThreadsByThousandsSequence$0(ThousandsVirtualThreads.java:33)",
              "java.base\/java.util.concurrent.FutureTask.run(FutureTask.java:317)",
              "java.base\/java.lang.VirtualThread.run(VirtualThread.java:311)"
           ]
         },
         {
           "tid": "86",
           "name": "",
           "stack": [
              "java.base\/java.lang.VirtualThread.parkNanos(VirtualThread.java:631)",
              "java.base\/java.lang.VirtualThread.sleepNanos(VirtualThread.java:803)",
              "java.base\/java.lang.Thread.sleep(Thread.java:590)",
              "org.jeyzer.demo.virtualthreads.TestSequence.sleep(TestSequence.java:30)",
              "org.jeyzer.demo.virtualthreads.ThousandsVirtualThreads.work(ThousandsVirtualThreads.java:57)",
              "org.jeyzer.demo.virtualthreads.ThousandsVirtualThreads.lambda$virtualThreadsByThousandsSequence$0(ThousandsVirtualThreads.java:33)",
              "java.base\/java.util.concurrent.FutureTask.run(FutureTask.java:317)",
              "java.base\/java.lang.VirtualThread.run(VirtualThread.java:311)"
           ]
         },
         {
           "tid": "87",
           "name": "",
           "stack": [
              "java.base\/java.lang.VirtualThread.parkNanos(VirtualThread.java:631)",
              "java.base\/java.lang.VirtualThread.sleepNanos(VirtualThread.java:803)",
              "java.base\/java.lang.Thread.sleep(Thread.java:590)",
              "org.jeyzer.demo.virtualthreads.TestSequence.sleep(TestSequence.java:30)",
              "org.jeyzer.demo.virtualthreads.ThousandsVirtualThreads.work(ThousandsVirtualThreads.java:57)",
              "org.jeyzer.demo.virtualthreads.ThousandsVirtualThreads.lambda$virtualThreadsByThousandsSequence$0(ThousandsVirtualThreads.java:33)",
              "java.base\/java.util.concurrent.FutureTask.run(FutureTask.java:317)",
              "java.base\/java.lang.VirtualThread.run(VirtualThread.java:311)"
           ]
         },
         {
           "tid": "88",
           "name": "",
           "stack": [
              "java.base\/java.lang.VirtualThread.parkNanos(VirtualThread.java:631)",
              "java.base\/java.lang.VirtualThread.sleepNanos(VirtualThread.java:803)",
              "java.base\/java.lang.Thread.sleep(Thread.java:590)",
              "org.jeyzer.demo.virtualthreads.TestSequence.sleep(TestSequence.java:30)",
              "org.jeyzer.demo.virtualthreads.ThousandsVirtualThreads.work(ThousandsVirtualThreads.java:57)",
              "org.jeyzer.demo.virtualthreads.ThousandsVirtualThreads.lambda$virtualThreadsByThousandsSequence$0(ThousandsVirtualThreads.java:33)",
              "java.base\/java.util.concurrent.FutureTask.run(FutureTask.java:317)",
              "java.base\/java.lang.VirtualThread.run(VirtualThread.java:311)"
           ]
         },
         {
           "tid": "89",
           "name": "",
           "stack": [
              "java.base\/java.lang.VirtualThread.parkNanos(VirtualThread.java:631)",
              "java.base\/java.lang.VirtualThread.sleepNanos(VirtualThread.java:803)",
              "java.base\/java.lang.Thread.sleep(Thread.java:590)",
              "org.jeyzer.demo.virtualthreads.TestSequence.sleep(TestSequence.java:30)",
              "org.jeyzer.demo.virtualthreads.ThousandsVirtualThreads.work(ThousandsVirtualThreads.java:57)",
              "org.jeyzer.demo.virtualthreads.ThousandsVirtualThreads.lambda$virtualThreadsByThousandsSequence$0(ThousandsVirtualThreads.java:33)",
              "java.base\/java.util.concurrent.FutureTask.run(FutureTask.java:317)",
              "java.base\/java.lang.VirtualThread.run(VirtualThread.java:311)"
           ]
         },
         {
           "tid": "90",
           "name": "",
           "stack": [
              "java.base\/java.lang.VirtualThread.parkNanos(VirtualThread.java:631)",
              "java.base\/java.lang.VirtualThread.sleepNanos(VirtualThread.java:803)",
              "java.base\/java.lang.Thread.sleep(Thread.java:590)",
              "org.jeyzer.demo.virtualthreads.TestSequence.sleep(TestSequence.java:30)",
              "org.jeyzer.demo.virtualthreads.ThousandsVirtualThreads.work(ThousandsVirtualThreads.java:57)",
              "org.jeyzer.demo.virtualthreads.ThousandsVirtualThreads.lambda$virtualThreadsByThousandsSequence$0(ThousandsVirtualThreads.java:33)",
              "java.base\/java.util.concurrent.FutureTask.run(FutureTask.java:317)",
              "java.base\/java.lang.VirtualThread.run(VirtualThread.java:311)"
           ]
         },
         {
           "tid": "91",
           "name": "",
           "stack": [
              "java.base\/java.lang.VirtualThread.parkNanos(VirtualThread.java:631)",
              "java.base\/java.lang.VirtualThread.sleepNanos(VirtualThread.java:803)",
              "java.base\/java.lang.Thread.sleep(Thread.java:590)",
              "org.jeyzer.demo.virtualthreads.TestSequence.sleep(TestSequence.java:30)",
              "org.jeyzer.demo.virtualthreads.ThousandsVirtualThreads.work(ThousandsVirtualThreads.java:57)",
              "org.jeyzer.demo.virtualthreads.ThousandsVirtualThreads.lambda$virtualThreadsByThousandsSequence$0(ThousandsVirtualThreads.java:33)",
              "java.base\/java.util.concurrent.FutureTask.run(FutureTask.java:317)",
              "java.base\/java.lang.VirtualThread.run(VirtualThread.java:311)"
           ]
         },
         {
           "tid": "92",
           "name": "",
           "stack": [
              "java.base\/java.lang.VirtualThread.parkNanos(VirtualThread.java:631)",
              "java.base\/java.lang.VirtualThread.sleepNanos(VirtualThread.java:803)",
              "java.base\/java.lang.Thread.sleep(Thread.java:590)",
              "org.jeyzer.demo.virtualthreads.TestSequence.sleep(TestSequence.java:30)",
              "org.jeyzer.demo.virtualthreads.ThousandsVirtualThreads.work(ThousandsVirtualThreads.java:57)",
              "org.jeyzer.demo.virtualthreads.ThousandsVirtualThreads.lambda$virtualThreadsByThousandsSequence$0(ThousandsVirtualThreads.java:33)",
              "java.base\/java.util.concurrent.FutureTask.run(FutureTask.java:317)",
              "java.base\/java.lang.VirtualThread.run(VirtualThread.java:311)"
           ]
         },
         {
           "tid": "93",
           "name": "",
           "stack": [
              "java.base\/java.lang.VirtualThread.parkNanos(VirtualThread.java:631)",
              "java.base\/java.lang.VirtualThread.sleepNanos(VirtualThread.java:803)",
              "java.base\/java.lang.Thread.sleep(Thread.java:590)",
              "org.jeyzer.demo.virtualthreads.TestSequence.sleep(TestSequence.java:30)",
              "org.jeyzer.demo.virtualthreads.ThousandsVirtualThreads.work(ThousandsVirtualThreads.java:57)",
              "org.jeyzer.demo.virtualthreads.ThousandsVirtualThreads.lambda$virtualThreadsByThousandsSequence$0(ThousandsVirtualThreads.java:33)",
              "java.base\/java.util.concurrent.FutureTask.run(FutureTask.java:317)",
              "java.base\/java.lang.VirtualThread.run(VirtualThread.java:311)"
           ]
         },
         {
           "tid": "94",
           "name": "",
           "stack": [
              "java.base\/java.lang.VirtualThread.parkNanos(VirtualThread.java:631)",
              "java.base\/java.lang.VirtualThread.sleepNanos(VirtualThread.java:803)",
              "java.base\/java.lang.Thread.sleep(Thread.java:590)",
              "org.jeyzer.demo.virtualthreads.TestSequence.sleep(TestSequence.java:30)",
              "org.jeyzer.demo.virtualthreads.ThousandsVirtualThreads.work(ThousandsVirtualThreads.java:57)",
              "org.jeyzer.demo.virtualthreads.ThousandsVirtualThreads.lambda$virtualThreadsByThousandsSequence$0(ThousandsVirtualThreads.java:33)",
              "java.base\/java.util.concurrent.FutureTask.run(FutureTask.java:317)",
              "java.base\/java.lang.VirtualThread.run(VirtualThread.java:311)"
           ]
         },
         {
           "tid": "95",
           "name": "",
           "stack": [
              "java.base\/java.lang.VirtualThread.parkNanos(VirtualThread.java:631)",
              "java.base\/java.lang.VirtualThread.sleepNanos(VirtualThread.java:803)",
              "java.base\/java.lang.Thread.sleep(Thread.java:590)",
              "org.jeyzer.demo.virtualthreads.TestSequence.sleep(TestSequence.java:30)",
              "org.jeyzer.demo.virtualthreads.ThousandsVirtualThreads.work(ThousandsVirtualThreads.java:57)",
              "org.jeyzer.demo.virtualthreads.ThousandsVirtualThreads.lambda$virtualThreadsByThousandsSequence$0(ThousandsVirtualThreads.java:33)",
              "java.base\/java.util.concurrent.FutureTask.run(FutureTask.java:317)",
              "java.base\/java.lang.VirtualThread.run(VirtualThread.java:311)"
           ]
         },
         {
           "tid": "96",
           "name": "",
           "stack": [
              "java.base\/java.lang.VirtualThread.parkNanos(VirtualThread.java:631)",
              "java.base\/java.lang.VirtualThread.sleepNanos(VirtualThread.java:803)",
              "java.base\/java.lang.Thread.sleep(Thread.java:590)",
              "org.jeyzer.demo.virtualthreads.TestSequence.sleep(TestSequence.java:30)",
              "org.jeyzer.demo.virtualthreads.ThousandsVirtualThreads.work(ThousandsVirtualThreads.java:57)",
              "org.jeyzer.demo.virtualthreads.ThousandsVirtualThreads.lambda$virtualThreadsByThousandsSequence$0(ThousandsVirtualThreads.java:33)",
              "java.base\/java.util.concurrent.FutureTask.run(FutureTask.java:317)",
              "java.base\/java.lang.VirtualThread.run(VirtualThread.java:311)"
           ]
         },
         {
           "tid": "97",
           "name": "",
           "stack": [
              "java.base\/java.lang.VirtualThread.parkNanos(VirtualThread.java:631)",
              "java.base\/java.lang.VirtualThread.sleepNanos(VirtualThread.java:803)",
              "java.base\/java.lang.Thread.sleep(Thread.java:590)",
              "org.jeyzer.demo.virtualthreads.TestSequence.sleep(TestSequence.java:30)",
              "org.jeyzer.demo.virtualthreads.ThousandsVirtualThreads.work(ThousandsVirtualThreads.java:57)",
              "org.jeyzer.demo.virtualthreads.ThousandsVirtualThreads.lambda$virtualThreadsByThousandsSequence$0(ThousandsVirtualThreads.java:33)",
              "java.base\/java.util.concurrent.FutureTask.run(FutureTask.java:317)",
              "java.base\/java.lang.VirtualThread.run(VirtualThread.java:311)"
           ]
         },
         {
           "tid": "98",
           "name": "",
           "stack": [
              "java.base\/java.lang.VirtualThread.parkNanos(VirtualThread.java:631)",
              "java.base\/java.lang.VirtualThread.sleepNanos(VirtualThread.java:803)",
              "java.base\/java.lang.Thread.sleep(Thread.java:590)",
              "org.jeyzer.demo.virtualthreads.TestSequence.sleep(TestSequence.java:30)",
              "org.jeyzer.demo.virtualthreads.ThousandsVirtualThreads.work(ThousandsVirtualThreads.java:57)",
              "org.jeyzer.demo.virtualthreads.ThousandsVirtualThreads.lambda$virtualThreadsByThousandsSequence$0(ThousandsVirtualThreads.java:33)",
              "java.base\/java.util.concurrent.FutureTask.run(FutureTask.java:317)",
              "java.base\/java.lang.VirtualThread.run(VirtualThread.java:311)"
           ]
         },
         {
           "tid": "99",
           "name": "",
           "stack": [
              "java.base\/java.lang.VirtualThread.parkNanos(VirtualThread.java:631)",
              "java.base\/java.lang.VirtualThread.sleepNanos(VirtualThread.java:803)",
              "java.base\/java.lang.Thread.sleep(Thread.java:590)",
              "org.jeyzer.demo.virtualthreads.TestSequence.sleep(TestSequence.java:30)",
              "org.jeyzer.demo.virtualthreads.ThousandsVirtualThreads.work(ThousandsVirtualThreads.java:57)",
              "org.jeyzer.demo.virtualthreads.ThousandsVirtualThreads.lambda$virtualThreadsByThousandsSequence$0(ThousandsVirtualThreads.java:33)",
              "java.base\/java.util.concurrent.FutureTask.run(FutureTask.java:317)",
              "java.base\/java.lang.VirtualThread.run(VirtualThread.java:311)"
           ]
         },
         {
           "tid": "100",
           "name": "",
           "stack": [
              "java.base\/java.lang.VirtualThread.parkNanos(VirtualThread.java:631)",
              "java.base\/java.lang.VirtualThread.sleepNanos(VirtualThread.java:803)",
              "java.base\/java.lang.Thread.sleep(Thread.java:590)",
              "org.jeyzer.demo.virtualthreads.TestSequence.sleep(TestSequence.java:30)",
              "org.jeyzer.demo.virtualthreads.ThousandsVirtualThreads.work(ThousandsVirtualThreads.java:57)",
              "org.jeyzer.demo.virtualthreads.ThousandsVirtualThreads.lambda$virtualThreadsByThousandsSequence$0(ThousandsVirtualThreads.java:33)",
              "java.base\/java.util.concurrent.FutureTask.run(FutureTask.java:317)",
              "java.base\/java.lang.VirtualThread.run(VirtualThread.java:311)"
           ]
         },
         {
           "tid": "101",
           "name": "",
           "stack": [
              "java.base\/java.lang.VirtualThread.parkNanos(VirtualThread.java:631)",
              "java.base\/java.lang.VirtualThread.sleepNanos(VirtualThread.java:803)",
              "java.base\/java.lang.Thread.sleep(Thread.java:590)",
              "org.jeyzer.demo.virtualthreads.TestSequence.sleep(TestSequence.java:30)",
              "org.jeyzer.demo.virtualthreads.ThousandsVirtualThreads.work(ThousandsVirtualThreads.java:57)",
              "org.jeyzer.demo.virtualthreads.ThousandsVirtualThreads.lambda$virtualThreadsByThousandsSequence$0(ThousandsVirtualThreads.java:33)",
              "java.base\/java.util.concurrent.FutureTask.run(FutureTask.java:317)",
              "java.base\/java.lang.VirtualThread.run(VirtualThread.java:311)"
           ]
         },
         {
           "tid": "102",
           "name": "",
           "stack": [
              "java.base\/java.lang.VirtualThread.parkNanos(VirtualThread.java:631)",
              "java.base\/java.lang.VirtualThread.sleepNanos(VirtualThread.java:803)",
              "java.base\/java.lang.Thread.sleep(Thread.java:590)",
              "org.jeyzer.demo.virtualthreads.TestSequence.sleep(TestSequence.java:30)",
              "org.jeyzer.demo.virtualthreads.ThousandsVirtualThreads.work(ThousandsVirtualThreads.java:57)",
              "org.jeyzer.demo.virtualthreads.ThousandsVirtualThreads.lambda$virtualThreadsByThousandsSequence$0(ThousandsVirtualThreads.java:33)",
              "java.base\/java.util.concurrent.FutureTask.run(FutureTask.java:317)",
              "java.base\/java.lang.VirtualThread.run(VirtualThread.java:311)"
           ]
         },
         {
           "tid": "103",
           "name": "",
           "stack": [
              "java.base\/java.lang.VirtualThread.parkNanos(VirtualThread.java:631)",
              "java.base\/java.lang.VirtualThread.sleepNanos(VirtualThread.java:803)",
              "java.base\/java.lang.Thread.sleep(Thread.java:590)",
              "org.jeyzer.demo.virtualthreads.TestSequence.sleep(TestSequence.java:30)",
              "org.jeyzer.demo.virtualthreads.ThousandsVirtualThreads.work(ThousandsVirtualThreads.java:57)",
              "org.jeyzer.demo.virtualthreads.ThousandsVirtualThreads.lambda$virtualThreadsByThousandsSequence$0(ThousandsVirtualThreads.java:33)",
              "java.base\/java.util.concurrent.FutureTask.run(FutureTask.java:317)",
              "java.base\/java.lang.VirtualThread.run(VirtualThread.java:311)"
           ]
         },
         {
           "tid": "104",
           "name": "",
           "stack": [
              "java.base\/java.lang.VirtualThread.parkNanos(VirtualThread.java:631)",
              "java.base\/java.lang.VirtualThread.sleepNanos(VirtualThread.java:803)",
              "java.base\/java.lang.Thread.sleep(Thread.java:590)",
              "org.jeyzer.demo.virtualthreads.TestSequence.sleep(TestSequence.java:30)",
              "org.jeyzer.demo.virtualthreads.ThousandsVirtualThreads.work(ThousandsVirtualThreads.java:57)",
              "org.jeyzer.demo.virtualthreads.ThousandsVirtualThreads.lambda$virtualThreadsByThousandsSequence$0(ThousandsVirtualThreads.java:33)",
              "java.base\/java.util.concurrent.FutureTask.run(FutureTask.java:317)",
              "java.base\/java.lang.VirtualThread.run(VirtualThread.java:311)"
           ]
         },
         {
           "tid": "105",
           "name": "",
           "stack": [
              "java.base\/java.lang.VirtualThread.parkNanos(VirtualThread.java:631)",
              "java.base\/java.lang.VirtualThread.sleepNanos(VirtualThread.java:803)",
              "java.base\/java.lang.Thread.sleep(Thread.java:590)",
              "org.jeyzer.demo.virtualthreads.TestSequence.sleep(TestSequence.java:30)",
              "org.jeyzer.demo.virtualthreads.ThousandsVirtualThreads.work(ThousandsVirtualThreads.java:57)",
              "org.jeyzer.demo.virtualthreads.ThousandsVirtualThreads.lambda$virtualThreadsByThousandsSequence$0(ThousandsVirtualThreads.java:33)",
              "java.base\/java.util.concurrent.FutureTask.run(FutureTask.java:317)",
              "java.base\/java.lang.VirtualThread.run(VirtualThread.java:311)"
           ]
         },
         {
           "tid": "106",
           "name": "",
           "stack": [
              "java.base\/java.lang.VirtualThread.parkNanos(VirtualThread.java:631)",
              "java.base\/java.lang.VirtualThread.sleepNanos(VirtualThread.java:803)",
              "java.base\/java.lang.Thread.sleep(Thread.java:590)",
              "org.jeyzer.demo.virtualthreads.TestSequence.sleep(TestSequence.java:30)",
              "org.jeyzer.demo.virtualthreads.ThousandsVirtualThreads.work(ThousandsVirtualThreads.java:57)",
              "org.jeyzer.demo.virtualthreads.ThousandsVirtualThreads.lambda$virtualThreadsByThousandsSequence$0(ThousandsVirtualThreads.java:33)",
              "java.base\/java.util.concurrent.FutureTask.run(FutureTask.java:317)",
              "java.base\/java.lang.VirtualThread.run(VirtualThread.java:311)"
           ]
         },
         {
           "tid": "107",
           "name": "",
           "stack": [
              "java.base\/java.lang.VirtualThread.parkNanos(VirtualThread.java:631)",
              "java.base\/java.lang.VirtualThread.sleepNanos(VirtualThread.java:803)",
              "java.base\/java.lang.Thread.sleep(Thread.java:590)",
              "org.jeyzer.demo.virtualthreads.TestSequence.sleep(TestSequence.java:30)",
              "org.jeyzer.demo.virtualthreads.ThousandsVirtualThreads.work(ThousandsVirtualThreads.java:57)",
              "org.jeyzer.demo.virtualthreads.ThousandsVirtualThreads.lambda$virtualThreadsByThousandsSequence$0(ThousandsVirtualThreads.java:33)",
              "java.base\/java.util.concurrent.FutureTask.run(FutureTask.java:317)",
              "java.base\/java.lang.VirtualThread.run(VirtualThread.java:311)"
           ]
         },
         {
           "tid": "108",
           "name": "",
           "stack": [
              "java.base\/java.lang.VirtualThread.parkNanos(VirtualThread.java:631)",
              "java.base\/java.lang.VirtualThread.sleepNanos(VirtualThread.java:803)",
              "java.base\/java.lang.Thread.sleep(Thread.java:590)",
              "org.jeyzer.demo.virtualthreads.TestSequence.sleep(TestSequence.java:30)",
              "org.jeyzer.demo.virtualthreads.ThousandsVirtualThreads.work(ThousandsVirtualThreads.java:57)",
              "org.jeyzer.demo.virtualthreads.ThousandsVirtualThreads.lambda$virtualThreadsByThousandsSequence$0(ThousandsVirtualThreads.java:33)",
              "java.base\/java.util.concurrent.FutureTask.run(FutureTask.java:317)",
              "java.base\/java.lang.VirtualThread.run(VirtualThread.java:311)"
           ]
         },
         {
           "tid": "109",
           "name": "",
           "stack": [
              "java.base\/java.lang.VirtualThread.parkNanos(VirtualThread.java:631)",
              "java.base\/java.lang.VirtualThread.sleepNanos(VirtualThread.java:803)",
              "java.base\/java.lang.Thread.sleep(Thread.java:590)",
              "org.jeyzer.demo.virtualthreads.TestSequence.sleep(TestSequence.java:30)",
              "org.jeyzer.demo.virtualthreads.ThousandsVirtualThreads.work(ThousandsVirtualThreads.java:57)",
              "org.jeyzer.demo.virtualthreads.ThousandsVirtualThreads.lambda$virtualThreadsByThousandsSequence$0(ThousandsVirtualThreads.java:33)",
              "java.base\/java.util.concurrent.FutureTask.run(FutureTask.java:317)",
              "java.base\/java.lang.VirtualThread.run(VirtualThread.java:311)"
           ]
         },
         {
           "tid": "110",
           "name": "",
           "stack": [
              "java.base\/java.lang.VirtualThread.parkNanos(VirtualThread.java:631)",
              "java.base\/java.lang.VirtualThread.sleepNanos(VirtualThread.java:803)",
              "java.base\/java.lang.Thread.sleep(Thread.java:590)",
              "org.jeyzer.demo.virtualthreads.TestSequence.sleep(TestSequence.java:30)",
              "org.jeyzer.demo.virtualthreads.ThousandsVirtualThreads.work(ThousandsVirtualThreads.java:57)",
              "org.jeyzer.demo.virtualthreads.ThousandsVirtualThreads.lambda$virtualThreadsByThousandsSequence$0(ThousandsVirtualThreads.java:33)",
              "java.base\/java.util.concurrent.FutureTask.run(FutureTask.java:317)",
              "java.base\/java.lang.VirtualThread.run(VirtualThread.java:311)"
           ]
         },
         {
           "tid": "111",
           "name": "",
           "stack": [
              "java.base\/java.lang.VirtualThread.parkNanos(VirtualThread.java:631)",
              "java.base\/java.lang.VirtualThread.sleepNanos(VirtualThread.java:803)",
              "java.base\/java.lang.Thread.sleep(Thread.java:590)",
              "org.jeyzer.demo.virtualthreads.TestSequence.sleep(TestSequence.java:30)",
              "org.jeyzer.demo.virtualthreads.ThousandsVirtualThreads.work(ThousandsVirtualThreads.java:57)",
              "org.jeyzer.demo.virtualthreads.ThousandsVirtualThreads.lambda$virtualThreadsByThousandsSequence$0(ThousandsVirtualThreads.java:33)",
              "java.base\/java.util.concurrent.FutureTask.run(FutureTask.java:317)",
              "java.base\/java.lang.VirtualThread.run(VirtualThread.java:311)"
           ]
         },
         {
           "tid": "112",
           "name": "",
           "stack": [
              "java.base\/java.lang.VirtualThread.parkNanos(VirtualThread.java:631)",
              "java.base\/java.lang.VirtualThread.sleepNanos(VirtualThread.java:803)",
              "java.base\/java.lang.Thread.sleep(Thread.java:590)",
              "org.jeyzer.demo.virtualthreads.TestSequence.sleep(TestSequence.java:30)",
              "org.jeyzer.demo.virtualthreads.ThousandsVirtualThreads.work(ThousandsVirtualThreads.java:57)",
              "org.jeyzer.demo.virtualthreads.ThousandsVirtualThreads.lambda$virtualThreadsByThousandsSequence$0(ThousandsVirtualThreads.java:33)",
              "java.base\/java.util.concurrent.FutureTask.run(FutureTask.java:317)",
              "java.base\/java.lang.VirtualThread.run(VirtualThread.java:311)"
           ]
         },
         {
           "tid": "113",
           "name": "",
           "stack": [
              "java.base\/java.lang.VirtualThread.parkNanos(VirtualThread.java:631)",
              "java.base\/java.lang.VirtualThread.sleepNanos(VirtualThread.java:803)",
              "java.base\/java.lang.Thread.sleep(Thread.java:590)",
              "org.jeyzer.demo.virtualthreads.TestSequence.sleep(TestSequence.java:30)",
              "org.jeyzer.demo.virtualthreads.ThousandsVirtualThreads.work(ThousandsVirtualThreads.java:57)",
              "org.jeyzer.demo.virtualthreads.ThousandsVirtualThreads.lambda$virtualThreadsByThousandsSequence$0(ThousandsVirtualThreads.java:33)",
              "java.base\/java.util.concurrent.FutureTask.run(FutureTask.java:317)",
              "java.base\/java.lang.VirtualThread.run(VirtualThread.java:311)"
           ]
         },
         {
           "tid": "114",
           "name": "",
           "stack": [
              "java.base\/java.lang.VirtualThread.parkNanos(VirtualThread.java:631)",
              "java.base\/java.lang.VirtualThread.sleepNanos(VirtualThread.java:803)",
              "java.base\/java.lang.Thread.sleep(Thread.java:590)",
              "org.jeyzer.demo.virtualthreads.TestSequence.sleep(TestSequence.java:30)",
              "org.jeyzer.demo.virtualthreads.ThousandsVirtualThreads.work(ThousandsVirtualThreads.java:57)",
              "org.jeyzer.demo.virtualthreads.ThousandsVirtualThreads.lambda$virtualThreadsByThousandsSequence$0(ThousandsVirtualThreads.java:33)",
              "java.base\/java.util.concurrent.FutureTask.run(FutureTask.java:317)",
              "java.base\/java.lang.VirtualThread.run(VirtualThread.java:311)"
           ]
         },
         {
           "tid": "115",
           "name": "",
           "stack": [
              "java.base\/java.lang.VirtualThread.parkNanos(VirtualThread.java:631)",
              "java.base\/java.lang.VirtualThread.sleepNanos(VirtualThread.java:803)",
              "java.base\/java.lang.Thread.sleep(Thread.java:590)",
              "org.jeyzer.demo.virtualthreads.TestSequence.sleep(TestSequence.java:30)",
              "org.jeyzer.demo.virtualthreads.ThousandsVirtualThreads.work(ThousandsVirtualThreads.java:57)",
              "org.jeyzer.demo.virtualthreads.ThousandsVirtualThreads.lambda$virtualThreadsByThousandsSequence$0(ThousandsVirtualThreads.java:33)",
              "java.base\/java.util.concurrent.FutureTask.run(FutureTask.java:317)",
              "java.base\/java.lang.VirtualThread.run(VirtualThread.java:311)"
           ]
         },
         {
           "tid": "116",
           "name": "",
           "stack": [
              "java.base\/java.lang.VirtualThread.parkNanos(VirtualThread.java:631)",
              "java.base\/java.lang.VirtualThread.sleepNanos(VirtualThread.java:803)",
              "java.base\/java.lang.Thread.sleep(Thread.java:590)",
              "org.jeyzer.demo.virtualthreads.TestSequence.sleep(TestSequence.java:30)",
              "org.jeyzer.demo.virtualthreads.ThousandsVirtualThreads.work(ThousandsVirtualThreads.java:57)",
              "org.jeyzer.demo.virtualthreads.ThousandsVirtualThreads.lambda$virtualThreadsByThousandsSequence$0(ThousandsVirtualThreads.java:33)",
              "java.base\/java.util.concurrent.FutureTask.run(FutureTask.java:317)",
              "java.base\/java.lang.VirtualThread.run(VirtualThread.java:311)"
           ]
         },
         {
           "tid": "117",
           "name": "",
           "stack": [
              "java.base\/java.lang.VirtualThread.parkNanos(VirtualThread.java:631)",
              "java.base\/java.lang.VirtualThread.sleepNanos(VirtualThread.java:803)",
              "java.base\/java.lang.Thread.sleep(Thread.java:590)",
              "org.jeyzer.demo.virtualthreads.TestSequence.sleep(TestSequence.java:30)",
              "org.jeyzer.demo.virtualthreads.ThousandsVirtualThreads.work(ThousandsVirtualThreads.java:57)",
              "org.jeyzer.demo.virtualthreads.ThousandsVirtualThreads.lambda$virtualThreadsByThousandsSequence$0(ThousandsVirtualThreads.java:33)",
              "java.base\/java.util.concurrent.FutureTask.run(FutureTask.java:317)",
              "java.base\/java.lang.VirtualThread.run(VirtualThread.java:311)"
           ]
         },
         {
           "tid": "118",
           "name": "",
           "stack": [
              "java.base\/java.lang.VirtualThread.parkNanos(VirtualThread.java:631)",
              "java.base\/java.lang.VirtualThread.sleepNanos(VirtualThread.java:803)",
              "java.base\/java.lang.Thread.sleep(Thread.java:590)",
              "org.jeyzer.demo.virtualthreads.TestSequence.sleep(TestSequence.java:30)",
              "org.jeyzer.demo.virtualthreads.ThousandsVirtualThreads.work(ThousandsVirtualThreads.java:57)",
              "org.jeyzer.demo.virtualthreads.ThousandsVirtualThreads.lambda$virtualThreadsByThousandsSequence$0(ThousandsVirtualThreads.java:33)",
              "java.base\/java.util.concurrent.FutureTask.run(FutureTask.java:317)",
              "java.base\/java.lang.VirtualThread.run(VirtualThread.java:311)"
           ]
         },
         {
           "tid": "119",
           "name": "",
           "stack": [
              "java.base\/java.lang.VirtualThread.parkNanos(VirtualThread.java:631)",
              "java.base\/java.lang.VirtualThread.sleepNanos(VirtualThread.java:803)",
              "java.base\/java.lang.Thread.sleep(Thread.java:590)",
              "org.jeyzer.demo.virtualthreads.TestSequence.sleep(TestSequence.java:30)",
              "org.jeyzer.demo.virtualthreads.ThousandsVirtualThreads.work(ThousandsVirtualThreads.java:57)",
              "org.jeyzer.demo.virtualthreads.ThousandsVirtualThreads.lambda$virtualThreadsByThousandsSequence$0(ThousandsVirtualThreads.java:33)",
              "java.base\/java.util.concurrent.FutureTask.run(FutureTask.java:317)",
              "java.base\/java.lang.VirtualThread.run(VirtualThread.java:311)"
           ]
         },
         {
           "tid": "120",
           "name": "",
           "stack": [
              "java.base\/java.lang.VirtualThread.parkNanos(VirtualThread.java:631)",
              "java.base\/java.lang.VirtualThread.sleepNanos(VirtualThread.java:803)",
              "java.base\/java.lang.Thread.sleep(Thread.java:590)",
              "org.jeyzer.demo.virtualthreads.TestSequence.sleep(TestSequence.java:30)",
              "org.jeyzer.demo.virtualthreads.ThousandsVirtualThreads.work(ThousandsVirtualThreads.java:57)",
              "org.jeyzer.demo.virtualthreads.ThousandsVirtualThreads.lambda$virtualThreadsByThousandsSequence$0(ThousandsVirtualThreads.java:33)",
              "java.base\/java.util.concurrent.FutureTask.run(FutureTask.java:317)",
              "java.base\/java.lang.VirtualThread.run(VirtualThread.java:311)"
           ]
         },
         {
           "tid": "121",
           "name": "",
           "stack": [
              "java.base\/java.lang.VirtualThread.parkNanos(VirtualThread.java:631)",
              "java.base\/java.lang.VirtualThread.sleepNanos(VirtualThread.java:803)",
              "java.base\/java.lang.Thread.sleep(Thread.java:590)",
              "org.jeyzer.demo.virtualthreads.TestSequence.sleep(TestSequence.java:30)",
              "org.jeyzer.demo.virtualthreads.ThousandsVirtualThreads.work(ThousandsVirtualThreads.java:57)",
              "org.jeyzer.demo.virtualthreads.ThousandsVirtualThreads.lambda$virtualThreadsByThousandsSequence$0(ThousandsVirtualThreads.java:33)",
              "java.base\/java.util.concurrent.FutureTask.run(FutureTask.java:317)",
              "java.base\/java.lang.VirtualThread.run(VirtualThread.java:311)"
           ]
         },
         {
           "tid": "122",
           "name": "",
           "stack": [
              "java.base\/java.lang.VirtualThread.parkNanos(VirtualThread.java:631)",
              "java.base\/java.lang.VirtualThread.sleepNanos(VirtualThread.java:803)",
              "java.base\/java.lang.Thread.sleep(Thread.java:590)",
              "org.jeyzer.demo.virtualthreads.TestSequence.sleep(TestSequence.java:30)",
              "org.jeyzer.demo.virtualthreads.ThousandsVirtualThreads.work(ThousandsVirtualThreads.java:57)",
              "org.jeyzer.demo.virtualthreads.ThousandsVirtualThreads.lambda$virtualThreadsByThousandsSequence$0(ThousandsVirtualThreads.java:33)",
              "java.base\/java.util.concurrent.FutureTask.run(FutureTask.java:317)",
              "java.base\/java.lang.VirtualThread.run(VirtualThread.java:311)"
           ]
         },
         {
           "tid": "123",
           "name": "",
           "stack": [
              "java.base\/java.lang.VirtualThread.parkNanos(VirtualThread.java:631)",
              "java.base\/java.lang.VirtualThread.sleepNanos(VirtualThread.java:803)",
              "java.base\/java.lang.Thread.sleep(Thread.java:590)",
              "org.jeyzer.demo.virtualthreads.TestSequence.sleep(TestSequence.java:30)",
              "org.jeyzer.demo.virtualthreads.ThousandsVirtualThreads.work(ThousandsVirtualThreads.java:57)",
              "org.jeyzer.demo.virtualthreads.ThousandsVirtualThreads.lambda$virtualThreadsByThousandsSequence$0(ThousandsVirtualThreads.java:33)",
              "java.base\/java.util.concurrent.FutureTask.run(FutureTask.java:317)",
              "java.base\/java.lang.VirtualThread.run(VirtualThread.java:311)"
           ]
         },
         {
           "tid": "124",
           "name": "",
           "stack": [
              "java.base\/java.lang.VirtualThread.parkNanos(VirtualThread.java:631)",
              "java.base\/java.lang.VirtualThread.sleepNanos(VirtualThread.java:803)",
              "java.base\/java.lang.Thread.sleep(Thread.java:590)",
              "org.jeyzer.demo.virtualthreads.TestSequence.sleep(TestSequence.java:30)",
              "org.jeyzer.demo.virtualthreads.ThousandsVirtualThreads.work(ThousandsVirtualThreads.java:57)",
              "org.jeyzer.demo.virtualthreads.ThousandsVirtualThreads.lambda$virtualThreadsByThousandsSequence$0(ThousandsVirtualThreads.java:33)",
              "java.base\/java.util.concurrent.FutureTask.run(FutureTask.java:317)",
              "java.base\/java.lang.VirtualThread.run(VirtualThread.java:311)"
           ]
         },
         {
           "tid": "125",
           "name": "",
           "stack": [
              "java.base\/java.lang.VirtualThread.parkNanos(VirtualThread.java:631)",
              "java.base\/java.lang.VirtualThread.sleepNanos(VirtualThread.java:803)",
              "java.base\/java.lang.Thread.sleep(Thread.java:590)",
              "org.jeyzer.demo.virtualthreads.TestSequence.sleep(TestSequence.java:30)",
              "org.jeyzer.demo.virtualthreads.ThousandsVirtualThreads.work(ThousandsVirtualThreads.java:57)",
              "org.jeyzer.demo.virtualthreads.ThousandsVirtualThreads.lambda$virtualThreadsByThousandsSequence$0(ThousandsVirtualThreads.java:33)",
              "java.base\/java.util.concurrent.FutureTask.run(FutureTask.java:317)",
              "java.base\/java.lang.VirtualThread.run(VirtualThread.java:311)"
           ]
         },
         {
           "tid": "126",
           "name": "",
           "stack": [
              "java.base\/java.lang.VirtualThread.parkNanos(VirtualThread.java:631)",
              "java.base\/java.lang.VirtualThread.sleepNanos(VirtualThread.java:803)",
              "java.base\/java.lang.Thread.sleep(Thread.java:590)",
              "org.jeyzer.demo.virtualthreads.TestSequence.sleep(TestSequence.java:30)",
              "org.jeyzer.demo.virtualthreads.ThousandsVirtualThreads.work(ThousandsVirtualThreads.java:57)",
              "org.jeyzer.demo.virtualthreads.ThousandsVirtualThreads.lambda$virtualThreadsByThousandsSequence$0(ThousandsVirtualThreads.java:33)",
              "java.base\/java.util.concurrent.FutureTask.run(FutureTask.java:317)",
              "java.base\/java.lang.VirtualThread.run(VirtualThread.java:311)"
           ]
         },
         {
           "tid": "127",
           "name": "",
           "stack": [
              "java.base\/java.lang.VirtualThread.parkNanos(VirtualThread.java:631)",
              "java.base\/java.lang.VirtualThread.sleepNanos(VirtualThread.java:803)",
              "java.base\/java.lang.Thread.sleep(Thread.java:590)",
              "org.jeyzer.demo.virtualthreads.TestSequence.sleep(TestSequence.java:30)",
              "org.jeyzer.demo.virtualthreads.ThousandsVirtualThreads.work(ThousandsVirtualThreads.java:57)",
              "org.jeyzer.demo.virtualthreads.ThousandsVirtualThreads.lambda$virtualThreadsByThousandsSequence$0(ThousandsVirtualThreads.java:33)",
              "java.base\/java.util.concurrent.FutureTask.run(FutureTask.java:317)",
              "java.base\/java.lang.VirtualThread.run(VirtualThread.java:311)"
           ]
         }
        ],
        "threadCount": "80"
      },
      {
        "container": "java.util.concurrent.ScheduledThreadPoolExecutor@13d4992d",
        "parent": "<root>",
        "owner": null,
        "threads": [
        ],
        "threadCount": "0"
      }
    ]
  }
}
