{
  "threadDump": {
    "processId": "21356",
    "time": "2023-10-04T22:32:30.653817200Z",
    "runtimeVersion": "21+35-LTS",
    "threadContainers": [
      {
        "container": "<root>",
        "parent": null,
        "owner": null,
        "threads": [
         {
           "tid": "1",
           "name": "main",
           "stack": [
              "java.base\/java.lang.Object.wait0(Native Method)",
              "java.base\/java.lang.Object.wait(Object.java:366)",
              "java.base\/java.lang.Thread.join(Thread.java:2078)",
              "java.base\/java.lang.Thread.join(Thread.java:2154)",
              "org.jeyzer.demo.virtualthreads.ThousandsVirtualThreadsCPUMultiExecutors.virtualThreadsByThousandsSequence(ThousandsVirtualThreadsCPUMultiExecutors.java:39)",
              "org.jeyzer.demo.virtualthreads.ThousandsVirtualThreadsCPUMultiExecutors.executeSequence(ThousandsVirtualThreadsCPUMultiExecutors.java:57)",
              "org.jeyzer.demo.virtualthreads.TestSequence.startSequence(TestSequence.java:21)",
              "org.jeyzer.demo.virtualthreads.DemoVT21.main(DemoVT21.java:28)"
           ]
         },
         {
           "tid": "9",
           "name": "Reference Handler",
           "stack": [
              "java.base\/java.lang.ref.Reference.waitForReferencePendingList(Native Method)",
              "java.base\/java.lang.ref.Reference.processPendingReferences(Reference.java:246)",
              "java.base\/java.lang.ref.Reference$ReferenceHandler.run(Reference.java:208)"
           ]
         },
         {
           "tid": "10",
           "name": "Finalizer",
           "stack": [
              "java.base\/java.lang.Object.wait0(Native Method)",
              "java.base\/java.lang.Object.wait(Object.java:366)",
              "java.base\/java.lang.Object.wait(Object.java:339)",
              "java.base\/java.lang.ref.NativeReferenceQueue.await(NativeReferenceQueue.java:48)",
              "java.base\/java.lang.ref.ReferenceQueue.remove0(ReferenceQueue.java:158)",
              "java.base\/java.lang.ref.NativeReferenceQueue.remove(NativeReferenceQueue.java:89)",
              "java.base\/java.lang.ref.Finalizer$FinalizerThread.run(Finalizer.java:173)"
           ]
         },
         {
           "tid": "11",
           "name": "Signal Dispatcher",
           "stack": [
           ]
         },
         {
           "tid": "12",
           "name": "Attach Listener",
           "stack": [
              "java.base\/java.lang.Thread.getStackTrace(Thread.java:2450)",
              "java.base\/jdk.internal.vm.ThreadDumper.dumpThreadToJson(ThreadDumper.java:264)",
              "java.base\/jdk.internal.vm.ThreadDumper.dumpThreadsToJson(ThreadDumper.java:237)",
              "java.base\/jdk.internal.vm.ThreadDumper.dumpThreadsToJson(ThreadDumper.java:201)",
              "java.base\/jdk.internal.vm.ThreadDumper.dumpThreadsToFile(ThreadDumper.java:115)",
              "java.base\/jdk.internal.vm.ThreadDumper.dumpThreadsToJson(ThreadDumper.java:84)"
           ]
         },
         {
           "tid": "19",
           "name": "Common-Cleaner",
           "stack": [
              "java.base\/jdk.internal.misc.Unsafe.park(Native Method)",
              "java.base\/java.util.concurrent.locks.LockSupport.parkNanos(LockSupport.java:269)",
              "java.base\/java.util.concurrent.locks.AbstractQueuedSynchronizer$ConditionObject.await(AbstractQueuedSynchronizer.java:1847)",
              "java.base\/java.lang.ref.ReferenceQueue.await(ReferenceQueue.java:71)",
              "java.base\/java.lang.ref.ReferenceQueue.remove0(ReferenceQueue.java:143)",
              "java.base\/java.lang.ref.ReferenceQueue.remove(ReferenceQueue.java:218)",
              "java.base\/jdk.internal.ref.CleanerImpl.run(CleanerImpl.java:140)",
              "java.base\/java.lang.Thread.run(Thread.java:1583)",
              "java.base\/jdk.internal.misc.InnocuousThread.run(InnocuousThread.java:186)"
           ]
         },
         {
           "tid": "26",
           "name": "JFR Recorder Thread",
           "stack": [
           ]
         },
         {
           "tid": "36",
           "name": "JFR Periodic Tasks",
           "stack": [
              "java.base\/java.lang.Object.wait0(Native Method)",
              "java.base\/java.lang.Object.wait(Object.java:366)",
              "jdk.jfr\/jdk.jfr.internal.PlatformRecorder.takeNap(PlatformRecorder.java:559)",
              "jdk.jfr\/jdk.jfr.internal.PlatformRecorder.periodicTask(PlatformRecorder.java:527)",
              "jdk.jfr\/jdk.jfr.internal.PlatformRecorder.lambda$startDiskMonitor$1(PlatformRecorder.java:446)",
              "java.base\/java.lang.Thread.run(Thread.java:1583)"
           ]
         },
         {
           "tid": "38",
           "name": "Notification Thread",
           "stack": [
           ]
         },
         {
           "tid": "40",
           "name": "RMI TCP Accept-0",
           "stack": [
              "java.base\/sun.nio.ch.Net.accept(Native Method)",
              "java.base\/sun.nio.ch.NioSocketImpl.accept(NioSocketImpl.java:748)",
              "java.base\/java.net.ServerSocket.implAccept(ServerSocket.java:698)",
              "java.base\/java.net.ServerSocket.platformImplAccept(ServerSocket.java:663)",
              "java.base\/java.net.ServerSocket.implAccept(ServerSocket.java:639)",
              "java.base\/java.net.ServerSocket.implAccept(ServerSocket.java:585)",
              "java.base\/java.net.ServerSocket.accept(ServerSocket.java:543)",
              "java.rmi\/sun.rmi.transport.tcp.TCPTransport$AcceptLoop.executeAcceptLoop(TCPTransport.java:424)",
              "java.rmi\/sun.rmi.transport.tcp.TCPTransport$AcceptLoop.run(TCPTransport.java:388)",
              "java.base\/java.lang.Thread.run(Thread.java:1583)"
           ]
         },
         {
           "tid": "41",
           "name": "RMI TCP Accept-2504",
           "stack": [
              "java.base\/sun.nio.ch.Net.accept(Native Method)",
              "java.base\/sun.nio.ch.NioSocketImpl.accept(NioSocketImpl.java:748)",
              "java.base\/java.net.ServerSocket.implAccept(ServerSocket.java:698)",
              "java.base\/java.net.ServerSocket.platformImplAccept(ServerSocket.java:663)",
              "java.base\/java.net.ServerSocket.implAccept(ServerSocket.java:639)",
              "java.base\/java.net.ServerSocket.implAccept(ServerSocket.java:585)",
              "java.base\/java.net.ServerSocket.accept(ServerSocket.java:543)",
              "java.rmi\/sun.rmi.transport.tcp.TCPTransport$AcceptLoop.executeAcceptLoop(TCPTransport.java:424)",
              "java.rmi\/sun.rmi.transport.tcp.TCPTransport$AcceptLoop.run(TCPTransport.java:388)",
              "java.base\/java.lang.Thread.run(Thread.java:1583)"
           ]
         },
         {
           "tid": "42",
           "name": "RMI TCP Accept-0",
           "stack": [
              "java.base\/sun.nio.ch.Net.accept(Native Method)",
              "java.base\/sun.nio.ch.NioSocketImpl.accept(NioSocketImpl.java:748)",
              "java.base\/java.net.ServerSocket.implAccept(ServerSocket.java:698)",
              "java.base\/java.net.ServerSocket.platformImplAccept(ServerSocket.java:663)",
              "java.base\/java.net.ServerSocket.implAccept(ServerSocket.java:639)",
              "java.base\/java.net.ServerSocket.implAccept(ServerSocket.java:585)",
              "java.base\/java.net.ServerSocket.accept(ServerSocket.java:543)",
              "jdk.management.agent\/sun.management.jmxremote.LocalRMIServerSocketFactory$1.accept(LocalRMIServerSocketFactory.java:52)",
              "java.rmi\/sun.rmi.transport.tcp.TCPTransport$AcceptLoop.executeAcceptLoop(TCPTransport.java:424)",
              "java.rmi\/sun.rmi.transport.tcp.TCPTransport$AcceptLoop.run(TCPTransport.java:388)",
              "java.base\/java.lang.Thread.run(Thread.java:1583)"
           ]
         },
         {
           "tid": "12220",
           "name": "Worker CPU native",
           "stack": [
              "java.base\/jdk.internal.misc.Unsafe.park(Native Method)",
              "java.base\/java.util.concurrent.locks.LockSupport.parkNanos(LockSupport.java:269)",
              "java.base\/java.util.concurrent.locks.AbstractQueuedSynchronizer.acquire(AbstractQueuedSynchronizer.java:756)",
              "java.base\/java.util.concurrent.locks.AbstractQueuedSynchronizer.tryAcquireSharedNanos(AbstractQueuedSynchronizer.java:1126)",
              "java.base\/java.util.concurrent.CountDownLatch.await(CountDownLatch.java:276)",
              "java.base\/java.util.concurrent.ThreadPerTaskExecutor.awaitTermination(ThreadPerTaskExecutor.java:181)",
              "java.base\/java.util.concurrent.ThreadPerTaskExecutor.awaitTermination(ThreadPerTaskExecutor.java:195)",
              "java.base\/java.util.concurrent.ThreadPerTaskExecutor.close(ThreadPerTaskExecutor.java:212)",
              "org.jeyzer.demo.virtualthreads.CPUWorker.run(CPUWorker.java:58)",
              "java.base\/java.lang.Thread.run(Thread.java:1583)"
           ]
         },
         {
           "tid": "12221",
           "name": "Worker CPU native",
           "stack": [
              "java.base\/jdk.internal.misc.Unsafe.park(Native Method)",
              "java.base\/java.util.concurrent.locks.LockSupport.parkNanos(LockSupport.java:269)",
              "java.base\/java.util.concurrent.locks.AbstractQueuedSynchronizer.acquire(AbstractQueuedSynchronizer.java:756)",
              "java.base\/java.util.concurrent.locks.AbstractQueuedSynchronizer.tryAcquireSharedNanos(AbstractQueuedSynchronizer.java:1126)",
              "java.base\/java.util.concurrent.CountDownLatch.await(CountDownLatch.java:276)",
              "java.base\/java.util.concurrent.ThreadPerTaskExecutor.awaitTermination(ThreadPerTaskExecutor.java:181)",
              "java.base\/java.util.concurrent.ThreadPerTaskExecutor.awaitTermination(ThreadPerTaskExecutor.java:195)",
              "java.base\/java.util.concurrent.ThreadPerTaskExecutor.close(ThreadPerTaskExecutor.java:212)",
              "org.jeyzer.demo.virtualthreads.CPUWorker.run(CPUWorker.java:58)",
              "java.base\/java.lang.Thread.run(Thread.java:1583)"
           ]
         }
        ],
        "threadCount": "14"
      },
      {
        "container": "java.util.concurrent.ScheduledThreadPoolExecutor@4520ebad",
        "parent": "<root>",
        "owner": null,
        "threads": [
         {
           "tid": "21",
           "name": "Jeyzer-recorder-log-watchdog",
           "stack": [
              "java.base\/jdk.internal.misc.Unsafe.park(Native Method)",
              "java.base\/java.util.concurrent.locks.LockSupport.parkNanos(LockSupport.java:269)",
              "java.base\/java.util.concurrent.locks.AbstractQueuedSynchronizer$ConditionObject.awaitNanos(AbstractQueuedSynchronizer.java:1758)",
              "java.base\/java.util.concurrent.ScheduledThreadPoolExecutor$DelayedWorkQueue.take(ScheduledThreadPoolExecutor.java:1182)",
              "java.base\/java.util.concurrent.ScheduledThreadPoolExecutor$DelayedWorkQueue.take(ScheduledThreadPoolExecutor.java:899)",
              "java.base\/java.util.concurrent.ThreadPoolExecutor.getTask(ThreadPoolExecutor.java:1070)",
              "java.base\/java.util.concurrent.ThreadPoolExecutor.runWorker(ThreadPoolExecutor.java:1130)",
              "java.base\/java.util.concurrent.ThreadPoolExecutor$Worker.run(ThreadPoolExecutor.java:642)",
              "java.base\/java.lang.Thread.run(Thread.java:1583)"
           ]
         }
        ],
        "threadCount": "1"
      },
      {
        "container": "java.util.concurrent.ScheduledThreadPoolExecutor@f17658b",
        "parent": "<root>",
        "owner": null,
        "threads": [
         {
           "tid": "44",
           "name": "Jeyzer-recorder-module-collector",
           "stack": [
              "java.base\/jdk.internal.misc.Unsafe.park(Native Method)",
              "java.base\/java.util.concurrent.locks.LockSupport.parkNanos(LockSupport.java:269)",
              "java.base\/java.util.concurrent.locks.AbstractQueuedSynchronizer$ConditionObject.awaitNanos(AbstractQueuedSynchronizer.java:1758)",
              "java.base\/java.util.concurrent.ScheduledThreadPoolExecutor$DelayedWorkQueue.take(ScheduledThreadPoolExecutor.java:1182)",
              "java.base\/java.util.concurrent.ScheduledThreadPoolExecutor$DelayedWorkQueue.take(ScheduledThreadPoolExecutor.java:899)",
              "java.base\/java.util.concurrent.ThreadPoolExecutor.getTask(ThreadPoolExecutor.java:1070)",
              "java.base\/java.util.concurrent.ThreadPoolExecutor.runWorker(ThreadPoolExecutor.java:1130)",
              "java.base\/java.util.concurrent.ThreadPoolExecutor$Worker.run(ThreadPoolExecutor.java:642)",
              "java.base\/java.lang.Thread.run(Thread.java:1583)"
           ]
         }
        ],
        "threadCount": "1"
      },
      {
        "container": "java.util.concurrent.ScheduledThreadPoolExecutor@479460a6",
        "parent": "<root>",
        "owner": null,
        "threads": [
         {
           "tid": "48",
           "name": "VirtualThread-unparker",
           "stack": [
              "java.base\/jdk.internal.misc.Unsafe.park(Native Method)",
              "java.base\/java.util.concurrent.locks.LockSupport.park(LockSupport.java:371)",
              "java.base\/java.util.concurrent.locks.AbstractQueuedSynchronizer$ConditionNode.block(AbstractQueuedSynchronizer.java:519)",
              "java.base\/java.util.concurrent.ForkJoinPool.unmanagedBlock(ForkJoinPool.java:3780)",
              "java.base\/java.util.concurrent.ForkJoinPool.managedBlock(ForkJoinPool.java:3725)",
              "java.base\/java.util.concurrent.locks.AbstractQueuedSynchronizer$ConditionObject.await(AbstractQueuedSynchronizer.java:1707)",
              "java.base\/java.util.concurrent.ScheduledThreadPoolExecutor$DelayedWorkQueue.take(ScheduledThreadPoolExecutor.java:1170)",
              "java.base\/java.util.concurrent.ScheduledThreadPoolExecutor$DelayedWorkQueue.take(ScheduledThreadPoolExecutor.java:899)",
              "java.base\/java.util.concurrent.ThreadPoolExecutor.getTask(ThreadPoolExecutor.java:1070)",
              "java.base\/java.util.concurrent.ThreadPoolExecutor.runWorker(ThreadPoolExecutor.java:1130)",
              "java.base\/java.util.concurrent.ThreadPoolExecutor$Worker.run(ThreadPoolExecutor.java:642)",
              "java.base\/java.lang.Thread.run(Thread.java:1583)",
              "java.base\/jdk.internal.misc.InnocuousThread.run(InnocuousThread.java:186)"
           ]
         }
        ],
        "threadCount": "1"
      },
      {
        "container": "java.util.concurrent.ThreadPerTaskExecutor@7fa76b16",
        "parent": "<root>",
        "owner": null,
        "threads": [
         {
           "tid": "13162",
           "name": "",
           "stack": [
              "java.base\/java.util.Random.next(Random.java:444)",
              "java.base\/java.util.Random.nextDouble(Random.java:698)",
              "java.base\/java.lang.Math.random(Math.java:893)",
              "org.jeyzer.demo.virtualthreads.CPUWorker.consumeCPU2(CPUWorker.java:103)",
              "org.jeyzer.demo.virtualthreads.CPUWorker.work(CPUWorker.java:69)",
              "org.jeyzer.demo.virtualthreads.CPUWorker.lambda$run$0(CPUWorker.java:43)",
              "java.base\/java.util.concurrent.FutureTask.run(FutureTask.java:317)",
              "java.base\/java.lang.VirtualThread.run(VirtualThread.java:311)"
           ]
         },
         {
           "tid": "13165",
           "name": "",
           "stack": [
              "java.base\/java.util.Random.next(Random.java:444)",
              "java.base\/java.util.Random.nextDouble(Random.java:698)",
              "java.base\/java.lang.Math.random(Math.java:893)",
              "org.jeyzer.demo.virtualthreads.CPUWorker.consumeCPU2(CPUWorker.java:104)",
              "org.jeyzer.demo.virtualthreads.CPUWorker.work(CPUWorker.java:69)",
              "org.jeyzer.demo.virtualthreads.CPUWorker.lambda$run$0(CPUWorker.java:43)",
              "java.base\/java.util.concurrent.FutureTask.run(FutureTask.java:317)",
              "java.base\/java.lang.VirtualThread.run(VirtualThread.java:311)"
           ]
         },
         {
           "tid": "13166",
           "name": "",
           "stack": [
              "java.base\/java.util.Random.next(Random.java:444)",
              "java.base\/java.util.Random.nextDouble(Random.java:698)",
              "java.base\/java.lang.Math.random(Math.java:893)",
              "org.jeyzer.demo.virtualthreads.CPUWorker.consumeCPU2(CPUWorker.java:103)",
              "org.jeyzer.demo.virtualthreads.CPUWorker.work(CPUWorker.java:69)",
              "org.jeyzer.demo.virtualthreads.CPUWorker.lambda$run$0(CPUWorker.java:43)",
              "java.base\/java.util.concurrent.FutureTask.run(FutureTask.java:317)",
              "java.base\/java.lang.VirtualThread.run(VirtualThread.java:311)"
           ]
         },
         {
           "tid": "13169",
           "name": "",
           "stack": [
              "java.base\/java.util.Random.next(Random.java:444)",
              "java.base\/java.util.Random.nextDouble(Random.java:698)",
              "java.base\/java.lang.Math.random(Math.java:893)",
              "org.jeyzer.demo.virtualthreads.CPUWorker.consumeCPU2(CPUWorker.java:103)",
              "org.jeyzer.demo.virtualthreads.CPUWorker.work(CPUWorker.java:69)",
              "org.jeyzer.demo.virtualthreads.CPUWorker.lambda$run$0(CPUWorker.java:43)",
              "java.base\/java.util.concurrent.FutureTask.run(FutureTask.java:317)",
              "java.base\/java.lang.VirtualThread.run(VirtualThread.java:311)"
           ]
         },
         {
           "tid": "13170",
           "name": "",
           "stack": [
              "java.base\/java.util.Random.next(Random.java:444)",
              "java.base\/java.util.Random.nextDouble(Random.java:698)",
              "java.base\/java.lang.Math.random(Math.java:893)",
              "org.jeyzer.demo.virtualthreads.CPUWorker.consumeCPU2(CPUWorker.java:103)",
              "org.jeyzer.demo.virtualthreads.CPUWorker.work(CPUWorker.java:69)",
              "org.jeyzer.demo.virtualthreads.CPUWorker.lambda$run$0(CPUWorker.java:43)",
              "java.base\/java.util.concurrent.FutureTask.run(FutureTask.java:317)",
              "java.base\/java.lang.VirtualThread.run(VirtualThread.java:311)"
           ]
         },
         {
           "tid": "13172",
           "name": "",
           "stack": [
              "java.base\/java.lang.VirtualThread.parkNanos(VirtualThread.java:631)",
              "java.base\/java.lang.VirtualThread.sleepNanos(VirtualThread.java:803)",
              "java.base\/java.lang.Thread.sleep(Thread.java:590)",
              "org.jeyzer.demo.virtualthreads.CPUWorker.sleep(CPUWorker.java:75)",
              "org.jeyzer.demo.virtualthreads.CPUWorker.work(CPUWorker.java:65)",
              "org.jeyzer.demo.virtualthreads.CPUWorker.lambda$run$0(CPUWorker.java:43)",
              "java.base\/java.util.concurrent.FutureTask.run(FutureTask.java:317)",
              "java.base\/java.lang.VirtualThread.run(VirtualThread.java:311)"
           ]
         },
         {
           "tid": "13175",
           "name": "",
           "stack": [
              "java.base\/java.lang.VirtualThread.parkNanos(VirtualThread.java:631)",
              "java.base\/java.lang.VirtualThread.sleepNanos(VirtualThread.java:803)",
              "java.base\/java.lang.Thread.sleep(Thread.java:590)",
              "org.jeyzer.demo.virtualthreads.CPUWorker.sleep(CPUWorker.java:75)",
              "org.jeyzer.demo.virtualthreads.CPUWorker.work(CPUWorker.java:65)",
              "org.jeyzer.demo.virtualthreads.CPUWorker.lambda$run$0(CPUWorker.java:43)",
              "java.base\/java.util.concurrent.FutureTask.run(FutureTask.java:317)",
              "java.base\/java.lang.VirtualThread.run(VirtualThread.java:311)"
           ]
         },
         {
           "tid": "13176",
           "name": "",
           "stack": [
              "java.base\/java.lang.VirtualThread.parkNanos(VirtualThread.java:631)",
              "java.base\/java.lang.VirtualThread.sleepNanos(VirtualThread.java:803)",
              "java.base\/java.lang.Thread.sleep(Thread.java:590)",
              "org.jeyzer.demo.virtualthreads.CPUWorker.sleep(CPUWorker.java:75)",
              "org.jeyzer.demo.virtualthreads.CPUWorker.work(CPUWorker.java:65)",
              "org.jeyzer.demo.virtualthreads.CPUWorker.lambda$run$0(CPUWorker.java:43)",
              "java.base\/java.util.concurrent.FutureTask.run(FutureTask.java:317)",
              "java.base\/java.lang.VirtualThread.run(VirtualThread.java:311)"
           ]
         },
         {
           "tid": "13179",
           "name": "",
           "stack": [
              "java.base\/java.lang.VirtualThread.parkNanos(VirtualThread.java:631)",
              "java.base\/java.lang.VirtualThread.sleepNanos(VirtualThread.java:803)",
              "java.base\/java.lang.Thread.sleep(Thread.java:590)",
              "org.jeyzer.demo.virtualthreads.CPUWorker.sleep(CPUWorker.java:75)",
              "org.jeyzer.demo.virtualthreads.CPUWorker.work(CPUWorker.java:65)",
              "org.jeyzer.demo.virtualthreads.CPUWorker.lambda$run$0(CPUWorker.java:43)",
              "java.base\/java.util.concurrent.FutureTask.run(FutureTask.java:317)",
              "java.base\/java.lang.VirtualThread.run(VirtualThread.java:311)"
           ]
         },
         {
           "tid": "13181",
           "name": "",
           "stack": [
              "java.base\/java.lang.VirtualThread.parkNanos(VirtualThread.java:631)",
              "java.base\/java.lang.VirtualThread.sleepNanos(VirtualThread.java:803)",
              "java.base\/java.lang.Thread.sleep(Thread.java:590)",
              "org.jeyzer.demo.virtualthreads.CPUWorker.sleep(CPUWorker.java:75)",
              "org.jeyzer.demo.virtualthreads.CPUWorker.work(CPUWorker.java:65)",
              "org.jeyzer.demo.virtualthreads.CPUWorker.lambda$run$0(CPUWorker.java:43)",
              "java.base\/java.util.concurrent.FutureTask.run(FutureTask.java:317)",
              "java.base\/java.lang.VirtualThread.run(VirtualThread.java:311)"
           ]
         },
         {
           "tid": "13183",
           "name": "",
           "stack": [
              "java.base\/java.lang.VirtualThread.parkNanos(VirtualThread.java:631)",
              "java.base\/java.lang.VirtualThread.sleepNanos(VirtualThread.java:803)",
              "java.base\/java.lang.Thread.sleep(Thread.java:590)",
              "org.jeyzer.demo.virtualthreads.CPUWorker.sleep(CPUWorker.java:75)",
              "org.jeyzer.demo.virtualthreads.CPUWorker.work(CPUWorker.java:65)",
              "org.jeyzer.demo.virtualthreads.CPUWorker.lambda$run$0(CPUWorker.java:43)",
              "java.base\/java.util.concurrent.FutureTask.run(FutureTask.java:317)",
              "java.base\/java.lang.VirtualThread.run(VirtualThread.java:311)"
           ]
         },
         {
           "tid": "13185",
           "name": "",
           "stack": [
              "java.base\/java.lang.VirtualThread.parkNanos(VirtualThread.java:631)",
              "java.base\/java.lang.VirtualThread.sleepNanos(VirtualThread.java:803)",
              "java.base\/java.lang.Thread.sleep(Thread.java:590)",
              "org.jeyzer.demo.virtualthreads.CPUWorker.sleep(CPUWorker.java:75)",
              "org.jeyzer.demo.virtualthreads.CPUWorker.work(CPUWorker.java:65)",
              "org.jeyzer.demo.virtualthreads.CPUWorker.lambda$run$0(CPUWorker.java:43)",
              "java.base\/java.util.concurrent.FutureTask.run(FutureTask.java:317)",
              "java.base\/java.lang.VirtualThread.run(VirtualThread.java:311)"
           ]
         },
         {
           "tid": "13186",
           "name": "",
           "stack": [
              "java.base\/java.lang.VirtualThread.parkNanos(VirtualThread.java:631)",
              "java.base\/java.lang.VirtualThread.sleepNanos(VirtualThread.java:803)",
              "java.base\/java.lang.Thread.sleep(Thread.java:590)",
              "org.jeyzer.demo.virtualthreads.CPUWorker.sleep(CPUWorker.java:75)",
              "org.jeyzer.demo.virtualthreads.CPUWorker.work(CPUWorker.java:65)",
              "org.jeyzer.demo.virtualthreads.CPUWorker.lambda$run$0(CPUWorker.java:43)",
              "java.base\/java.util.concurrent.FutureTask.run(FutureTask.java:317)",
              "java.base\/java.lang.VirtualThread.run(VirtualThread.java:311)"
           ]
         },
         {
           "tid": "13189",
           "name": "",
           "stack": [
              "java.base\/java.lang.VirtualThread.parkNanos(VirtualThread.java:631)",
              "java.base\/java.lang.VirtualThread.sleepNanos(VirtualThread.java:803)",
              "java.base\/java.lang.Thread.sleep(Thread.java:590)",
              "org.jeyzer.demo.virtualthreads.CPUWorker.sleep(CPUWorker.java:75)",
              "org.jeyzer.demo.virtualthreads.CPUWorker.work(CPUWorker.java:65)",
              "org.jeyzer.demo.virtualthreads.CPUWorker.lambda$run$0(CPUWorker.java:43)",
              "java.base\/java.util.concurrent.FutureTask.run(FutureTask.java:317)",
              "java.base\/java.lang.VirtualThread.run(VirtualThread.java:311)"
           ]
         },
         {
           "tid": "13191",
           "name": "",
           "stack": [
              "java.base\/java.lang.VirtualThread.parkNanos(VirtualThread.java:631)",
              "java.base\/java.lang.VirtualThread.sleepNanos(VirtualThread.java:803)",
              "java.base\/java.lang.Thread.sleep(Thread.java:590)",
              "org.jeyzer.demo.virtualthreads.CPUWorker.sleep(CPUWorker.java:75)",
              "org.jeyzer.demo.virtualthreads.CPUWorker.work(CPUWorker.java:65)",
              "org.jeyzer.demo.virtualthreads.CPUWorker.lambda$run$0(CPUWorker.java:43)",
              "java.base\/java.util.concurrent.FutureTask.run(FutureTask.java:317)",
              "java.base\/java.lang.VirtualThread.run(VirtualThread.java:311)"
           ]
         },
         {
           "tid": "13193",
           "name": "",
           "stack": [
              "java.base\/java.lang.VirtualThread.parkNanos(VirtualThread.java:631)",
              "java.base\/java.lang.VirtualThread.sleepNanos(VirtualThread.java:803)",
              "java.base\/java.lang.Thread.sleep(Thread.java:590)",
              "org.jeyzer.demo.virtualthreads.CPUWorker.sleep(CPUWorker.java:75)",
              "org.jeyzer.demo.virtualthreads.CPUWorker.work(CPUWorker.java:65)",
              "org.jeyzer.demo.virtualthreads.CPUWorker.lambda$run$0(CPUWorker.java:43)",
              "java.base\/java.util.concurrent.FutureTask.run(FutureTask.java:317)",
              "java.base\/java.lang.VirtualThread.run(VirtualThread.java:311)"
           ]
         },
         {
           "tid": "13194",
           "name": "",
           "stack": [
              "java.base\/java.lang.VirtualThread.parkNanos(VirtualThread.java:631)",
              "java.base\/java.lang.VirtualThread.sleepNanos(VirtualThread.java:803)",
              "java.base\/java.lang.Thread.sleep(Thread.java:590)",
              "org.jeyzer.demo.virtualthreads.CPUWorker.sleep(CPUWorker.java:75)",
              "org.jeyzer.demo.virtualthreads.CPUWorker.work(CPUWorker.java:65)",
              "org.jeyzer.demo.virtualthreads.CPUWorker.lambda$run$0(CPUWorker.java:43)",
              "java.base\/java.util.concurrent.FutureTask.run(FutureTask.java:317)",
              "java.base\/java.lang.VirtualThread.run(VirtualThread.java:311)"
           ]
         },
         {
           "tid": "13197",
           "name": "",
           "stack": [
              "java.base\/java.lang.VirtualThread.parkNanos(VirtualThread.java:631)",
              "java.base\/java.lang.VirtualThread.sleepNanos(VirtualThread.java:803)",
              "java.base\/java.lang.Thread.sleep(Thread.java:590)",
              "org.jeyzer.demo.virtualthreads.CPUWorker.sleep(CPUWorker.java:75)",
              "org.jeyzer.demo.virtualthreads.CPUWorker.work(CPUWorker.java:65)",
              "org.jeyzer.demo.virtualthreads.CPUWorker.lambda$run$0(CPUWorker.java:43)",
              "java.base\/java.util.concurrent.FutureTask.run(FutureTask.java:317)",
              "java.base\/java.lang.VirtualThread.run(VirtualThread.java:311)"
           ]
         },
         {
           "tid": "13199",
           "name": "",
           "stack": [
              "java.base\/java.lang.VirtualThread.parkNanos(VirtualThread.java:631)",
              "java.base\/java.lang.VirtualThread.sleepNanos(VirtualThread.java:803)",
              "java.base\/java.lang.Thread.sleep(Thread.java:590)",
              "org.jeyzer.demo.virtualthreads.CPUWorker.sleep(CPUWorker.java:75)",
              "org.jeyzer.demo.virtualthreads.CPUWorker.work(CPUWorker.java:65)",
              "org.jeyzer.demo.virtualthreads.CPUWorker.lambda$run$0(CPUWorker.java:43)",
              "java.base\/java.util.concurrent.FutureTask.run(FutureTask.java:317)",
              "java.base\/java.lang.VirtualThread.run(VirtualThread.java:311)"
           ]
         },
         {
           "tid": "13201",
           "name": "",
           "stack": [
              "java.base\/java.lang.VirtualThread.parkNanos(VirtualThread.java:631)",
              "java.base\/java.lang.VirtualThread.sleepNanos(VirtualThread.java:803)",
              "java.base\/java.lang.Thread.sleep(Thread.java:590)",
              "org.jeyzer.demo.virtualthreads.CPUWorker.sleep(CPUWorker.java:75)",
              "org.jeyzer.demo.virtualthreads.CPUWorker.work(CPUWorker.java:65)",
              "org.jeyzer.demo.virtualthreads.CPUWorker.lambda$run$0(CPUWorker.java:43)",
              "java.base\/java.util.concurrent.FutureTask.run(FutureTask.java:317)",
              "java.base\/java.lang.VirtualThread.run(VirtualThread.java:311)"
           ]
         },
         {
           "tid": "13203",
           "name": "",
           "stack": [
              "java.base\/java.lang.VirtualThread.parkNanos(VirtualThread.java:631)",
              "java.base\/java.lang.VirtualThread.sleepNanos(VirtualThread.java:803)",
              "java.base\/java.lang.Thread.sleep(Thread.java:590)",
              "org.jeyzer.demo.virtualthreads.CPUWorker.sleep(CPUWorker.java:75)",
              "org.jeyzer.demo.virtualthreads.CPUWorker.work(CPUWorker.java:65)",
              "org.jeyzer.demo.virtualthreads.CPUWorker.lambda$run$0(CPUWorker.java:43)",
              "java.base\/java.util.concurrent.FutureTask.run(FutureTask.java:317)",
              "java.base\/java.lang.VirtualThread.run(VirtualThread.java:311)"
           ]
         },
         {
           "tid": "13205",
           "name": "",
           "stack": [
              "java.base\/java.lang.VirtualThread.parkNanos(VirtualThread.java:631)",
              "java.base\/java.lang.VirtualThread.sleepNanos(VirtualThread.java:803)",
              "java.base\/java.lang.Thread.sleep(Thread.java:590)",
              "org.jeyzer.demo.virtualthreads.CPUWorker.sleep(CPUWorker.java:75)",
              "org.jeyzer.demo.virtualthreads.CPUWorker.work(CPUWorker.java:65)",
              "org.jeyzer.demo.virtualthreads.CPUWorker.lambda$run$0(CPUWorker.java:43)",
              "java.base\/java.util.concurrent.FutureTask.run(FutureTask.java:317)",
              "java.base\/java.lang.VirtualThread.run(VirtualThread.java:311)"
           ]
         },
         {
           "tid": "13207",
           "name": "",
           "stack": [
              "java.base\/java.lang.VirtualThread.parkNanos(VirtualThread.java:631)",
              "java.base\/java.lang.VirtualThread.sleepNanos(VirtualThread.java:803)",
              "java.base\/java.lang.Thread.sleep(Thread.java:590)",
              "org.jeyzer.demo.virtualthreads.CPUWorker.sleep(CPUWorker.java:75)",
              "org.jeyzer.demo.virtualthreads.CPUWorker.work(CPUWorker.java:65)",
              "org.jeyzer.demo.virtualthreads.CPUWorker.lambda$run$0(CPUWorker.java:43)",
              "java.base\/java.util.concurrent.FutureTask.run(FutureTask.java:317)",
              "java.base\/java.lang.VirtualThread.run(VirtualThread.java:311)"
           ]
         },
         {
           "tid": "13208",
           "name": "",
           "stack": [
              "java.base\/java.lang.VirtualThread.parkNanos(VirtualThread.java:631)",
              "java.base\/java.lang.VirtualThread.sleepNanos(VirtualThread.java:803)",
              "java.base\/java.lang.Thread.sleep(Thread.java:590)",
              "org.jeyzer.demo.virtualthreads.CPUWorker.sleep(CPUWorker.java:75)",
              "org.jeyzer.demo.virtualthreads.CPUWorker.work(CPUWorker.java:65)",
              "org.jeyzer.demo.virtualthreads.CPUWorker.lambda$run$0(CPUWorker.java:43)",
              "java.base\/java.util.concurrent.FutureTask.run(FutureTask.java:317)",
              "java.base\/java.lang.VirtualThread.run(VirtualThread.java:311)"
           ]
         },
         {
           "tid": "13210",
           "name": "",
           "stack": [
              "java.base\/java.lang.VirtualThread.parkNanos(VirtualThread.java:631)",
              "java.base\/java.lang.VirtualThread.sleepNanos(VirtualThread.java:803)",
              "java.base\/java.lang.Thread.sleep(Thread.java:590)",
              "org.jeyzer.demo.virtualthreads.CPUWorker.sleep(CPUWorker.java:75)",
              "org.jeyzer.demo.virtualthreads.CPUWorker.work(CPUWorker.java:65)",
              "org.jeyzer.demo.virtualthreads.CPUWorker.lambda$run$0(CPUWorker.java:43)",
              "java.base\/java.util.concurrent.FutureTask.run(FutureTask.java:317)",
              "java.base\/java.lang.VirtualThread.run(VirtualThread.java:311)"
           ]
         },
         {
           "tid": "13212",
           "name": "",
           "stack": [
              "java.base\/java.lang.VirtualThread.parkNanos(VirtualThread.java:631)",
              "java.base\/java.lang.VirtualThread.sleepNanos(VirtualThread.java:803)",
              "java.base\/java.lang.Thread.sleep(Thread.java:590)",
              "org.jeyzer.demo.virtualthreads.CPUWorker.sleep(CPUWorker.java:75)",
              "org.jeyzer.demo.virtualthreads.CPUWorker.work(CPUWorker.java:65)",
              "org.jeyzer.demo.virtualthreads.CPUWorker.lambda$run$0(CPUWorker.java:43)",
              "java.base\/java.util.concurrent.FutureTask.run(FutureTask.java:317)",
              "java.base\/java.lang.VirtualThread.run(VirtualThread.java:311)"
           ]
         },
         {
           "tid": "13214",
           "name": "",
           "stack": [
              "java.base\/java.lang.VirtualThread.parkNanos(VirtualThread.java:631)",
              "java.base\/java.lang.VirtualThread.sleepNanos(VirtualThread.java:803)",
              "java.base\/java.lang.Thread.sleep(Thread.java:590)",
              "org.jeyzer.demo.virtualthreads.CPUWorker.sleep(CPUWorker.java:75)",
              "org.jeyzer.demo.virtualthreads.CPUWorker.work(CPUWorker.java:65)",
              "org.jeyzer.demo.virtualthreads.CPUWorker.lambda$run$0(CPUWorker.java:43)",
              "java.base\/java.util.concurrent.FutureTask.run(FutureTask.java:317)",
              "java.base\/java.lang.VirtualThread.run(VirtualThread.java:311)"
           ]
         },
         {
           "tid": "13217",
           "name": "",
           "stack": [
              "java.base\/java.lang.VirtualThread.parkNanos(VirtualThread.java:631)",
              "java.base\/java.lang.VirtualThread.sleepNanos(VirtualThread.java:803)",
              "java.base\/java.lang.Thread.sleep(Thread.java:590)",
              "org.jeyzer.demo.virtualthreads.CPUWorker.sleep(CPUWorker.java:75)",
              "org.jeyzer.demo.virtualthreads.CPUWorker.work(CPUWorker.java:65)",
              "org.jeyzer.demo.virtualthreads.CPUWorker.lambda$run$0(CPUWorker.java:43)",
              "java.base\/java.util.concurrent.FutureTask.run(FutureTask.java:317)",
              "java.base\/java.lang.VirtualThread.run(VirtualThread.java:311)"
           ]
         },
         {
           "tid": "13219",
           "name": "",
           "stack": [
              "java.base\/java.lang.VirtualThread.parkNanos(VirtualThread.java:631)",
              "java.base\/java.lang.VirtualThread.sleepNanos(VirtualThread.java:803)",
              "java.base\/java.lang.Thread.sleep(Thread.java:590)",
              "org.jeyzer.demo.virtualthreads.CPUWorker.sleep(CPUWorker.java:75)",
              "org.jeyzer.demo.virtualthreads.CPUWorker.work(CPUWorker.java:65)",
              "org.jeyzer.demo.virtualthreads.CPUWorker.lambda$run$0(CPUWorker.java:43)",
              "java.base\/java.util.concurrent.FutureTask.run(FutureTask.java:317)",
              "java.base\/java.lang.VirtualThread.run(VirtualThread.java:311)"
           ]
         },
         {
           "tid": "13221",
           "name": "",
           "stack": [
              "java.base\/java.lang.VirtualThread.parkNanos(VirtualThread.java:631)",
              "java.base\/java.lang.VirtualThread.sleepNanos(VirtualThread.java:803)",
              "java.base\/java.lang.Thread.sleep(Thread.java:590)",
              "org.jeyzer.demo.virtualthreads.CPUWorker.sleep(CPUWorker.java:75)",
              "org.jeyzer.demo.virtualthreads.CPUWorker.work(CPUWorker.java:65)",
              "org.jeyzer.demo.virtualthreads.CPUWorker.lambda$run$0(CPUWorker.java:43)",
              "java.base\/java.util.concurrent.FutureTask.run(FutureTask.java:317)",
              "java.base\/java.lang.VirtualThread.run(VirtualThread.java:311)"
           ]
         },
         {
           "tid": "13223",
           "name": "",
           "stack": [
              "java.base\/java.lang.VirtualThread.parkNanos(VirtualThread.java:631)",
              "java.base\/java.lang.VirtualThread.sleepNanos(VirtualThread.java:803)",
              "java.base\/java.lang.Thread.sleep(Thread.java:590)",
              "org.jeyzer.demo.virtualthreads.CPUWorker.sleep(CPUWorker.java:75)",
              "org.jeyzer.demo.virtualthreads.CPUWorker.work(CPUWorker.java:65)",
              "org.jeyzer.demo.virtualthreads.CPUWorker.lambda$run$0(CPUWorker.java:43)",
              "java.base\/java.util.concurrent.FutureTask.run(FutureTask.java:317)",
              "java.base\/java.lang.VirtualThread.run(VirtualThread.java:311)"
           ]
         }
        ],
        "threadCount": "31"
      },
      {
        "container": "java.util.concurrent.ScheduledThreadPoolExecutor@3f7f3336",
        "parent": "<root>",
        "owner": null,
        "threads": [
         {
           "tid": "43",
           "name": "Jeyzer-recorder-jar-path-collector",
           "stack": [
              "java.base\/jdk.internal.misc.Unsafe.park(Native Method)",
              "java.base\/java.util.concurrent.locks.LockSupport.parkNanos(LockSupport.java:269)",
              "java.base\/java.util.concurrent.locks.AbstractQueuedSynchronizer$ConditionObject.awaitNanos(AbstractQueuedSynchronizer.java:1758)",
              "java.base\/java.util.concurrent.ScheduledThreadPoolExecutor$DelayedWorkQueue.take(ScheduledThreadPoolExecutor.java:1182)",
              "java.base\/java.util.concurrent.ScheduledThreadPoolExecutor$DelayedWorkQueue.take(ScheduledThreadPoolExecutor.java:899)",
              "java.base\/java.util.concurrent.ThreadPoolExecutor.getTask(ThreadPoolExecutor.java:1070)",
              "java.base\/java.util.concurrent.ThreadPoolExecutor.runWorker(ThreadPoolExecutor.java:1130)",
              "java.base\/java.util.concurrent.ThreadPoolExecutor$Worker.run(ThreadPoolExecutor.java:642)",
              "java.base\/java.lang.Thread.run(Thread.java:1583)"
           ]
         }
        ],
        "threadCount": "1"
      },
      {
        "container": "java.util.concurrent.ScheduledThreadPoolExecutor@43814d18",
        "parent": "<root>",
        "owner": null,
        "threads": [
         {
           "tid": "24",
           "name": "Jeyzer-recorder-archiver",
           "stack": [
              "java.base\/jdk.internal.misc.Unsafe.park(Native Method)",
              "java.base\/java.util.concurrent.locks.LockSupport.parkNanos(LockSupport.java:269)",
              "java.base\/java.util.concurrent.locks.AbstractQueuedSynchronizer$ConditionObject.awaitNanos(AbstractQueuedSynchronizer.java:1758)",
              "java.base\/java.util.concurrent.ScheduledThreadPoolExecutor$DelayedWorkQueue.take(ScheduledThreadPoolExecutor.java:1182)",
              "java.base\/java.util.concurrent.ScheduledThreadPoolExecutor$DelayedWorkQueue.take(ScheduledThreadPoolExecutor.java:899)",
              "java.base\/java.util.concurrent.ThreadPoolExecutor.getTask(ThreadPoolExecutor.java:1070)",
              "java.base\/java.util.concurrent.ThreadPoolExecutor.runWorker(ThreadPoolExecutor.java:1130)",
              "java.base\/java.util.concurrent.ThreadPoolExecutor$Worker.run(ThreadPoolExecutor.java:642)",
              "java.base\/java.lang.Thread.run(Thread.java:1583)"
           ]
         }
        ],
        "threadCount": "1"
      },
      {
        "container": "java.util.concurrent.ThreadPoolExecutor@727eb8cb",
        "parent": "<root>",
        "owner": null,
        "threads": [
        ],
        "threadCount": "0"
      },
      {
        "container": "java.util.concurrent.ScheduledThreadPoolExecutor@3dfc5fb8",
        "parent": "<root>",
        "owner": null,
        "threads": [
         {
           "tid": "25",
           "name": "Jeyzer-recorder",
           "stack": [
              "java.base\/jdk.internal.misc.Unsafe.park(Native Method)",
              "java.base\/java.util.concurrent.locks.LockSupport.parkNanos(LockSupport.java:269)",
              "java.base\/java.util.concurrent.locks.AbstractQueuedSynchronizer$ConditionObject.awaitNanos(AbstractQueuedSynchronizer.java:1758)",
              "java.base\/java.util.concurrent.ScheduledThreadPoolExecutor$DelayedWorkQueue.take(ScheduledThreadPoolExecutor.java:1182)",
              "java.base\/java.util.concurrent.ScheduledThreadPoolExecutor$DelayedWorkQueue.take(ScheduledThreadPoolExecutor.java:899)",
              "java.base\/java.util.concurrent.ThreadPoolExecutor.getTask(ThreadPoolExecutor.java:1070)",
              "java.base\/java.util.concurrent.ThreadPoolExecutor.runWorker(ThreadPoolExecutor.java:1130)",
              "java.base\/java.util.concurrent.ThreadPoolExecutor$Worker.run(ThreadPoolExecutor.java:642)",
              "java.base\/java.lang.Thread.run(Thread.java:1583)"
           ]
         }
        ],
        "threadCount": "1"
      },
      {
        "container": "java.util.concurrent.ScheduledThreadPoolExecutor@d0d2668",
        "parent": "<root>",
        "owner": null,
        "threads": [
         {
           "tid": "45",
           "name": "Jeyzer-recorder-jvm-flag-collector",
           "stack": [
              "java.base\/jdk.internal.misc.Unsafe.park(Native Method)",
              "java.base\/java.util.concurrent.locks.LockSupport.parkNanos(LockSupport.java:269)",
              "java.base\/java.util.concurrent.locks.AbstractQueuedSynchronizer$ConditionObject.awaitNanos(AbstractQueuedSynchronizer.java:1758)",
              "java.base\/java.util.concurrent.ScheduledThreadPoolExecutor$DelayedWorkQueue.take(ScheduledThreadPoolExecutor.java:1182)",
              "java.base\/java.util.concurrent.ScheduledThreadPoolExecutor$DelayedWorkQueue.take(ScheduledThreadPoolExecutor.java:899)",
              "java.base\/java.util.concurrent.ThreadPoolExecutor.getTask(ThreadPoolExecutor.java:1070)",
              "java.base\/java.util.concurrent.ThreadPoolExecutor.runWorker(ThreadPoolExecutor.java:1130)",
              "java.base\/java.util.concurrent.ThreadPoolExecutor$Worker.run(ThreadPoolExecutor.java:642)",
              "java.base\/java.lang.Thread.run(Thread.java:1583)"
           ]
         }
        ],
        "threadCount": "1"
      },
      {
        "container": "ForkJoinPool-1\/jdk.internal.vm.SharedThreadContainer@40fc028e",
        "parent": "<root>",
        "owner": null,
        "threads": [
         {
           "tid": "47",
           "name": "ForkJoinPool-1-worker-1",
           "stack": [
              "java.base\/jdk.internal.vm.Continuation.run(Continuation.java:251)",
              "java.base\/java.lang.VirtualThread.runContinuation(VirtualThread.java:223)",
              "java.base\/java.util.concurrent.ForkJoinTask$RunnableExecuteAction.exec(ForkJoinTask.java:1423)",
              "java.base\/java.util.concurrent.ForkJoinTask.doExec(ForkJoinTask.java:387)",
              "java.base\/java.util.concurrent.ForkJoinPool$WorkQueue.topLevelExec(ForkJoinPool.java:1312)",
              "java.base\/java.util.concurrent.ForkJoinPool.scan(ForkJoinPool.java:1843)",
              "java.base\/java.util.concurrent.ForkJoinPool.runWorker(ForkJoinPool.java:1808)",
              "java.base\/java.util.concurrent.ForkJoinWorkerThread.run(ForkJoinWorkerThread.java:188)"
           ]
         },
         {
           "tid": "690",
           "name": "ForkJoinPool-1-worker-2",
           "stack": [
              "java.base\/jdk.internal.vm.Continuation.run(Continuation.java:251)",
              "java.base\/java.lang.VirtualThread.runContinuation(VirtualThread.java:223)",
              "java.base\/java.util.concurrent.ForkJoinTask$RunnableExecuteAction.exec(ForkJoinTask.java:1423)",
              "java.base\/java.util.concurrent.ForkJoinTask.doExec(ForkJoinTask.java:387)",
              "java.base\/java.util.concurrent.ForkJoinPool$WorkQueue.topLevelExec(ForkJoinPool.java:1312)",
              "java.base\/java.util.concurrent.ForkJoinPool.scan(ForkJoinPool.java:1843)",
              "java.base\/java.util.concurrent.ForkJoinPool.runWorker(ForkJoinPool.java:1808)",
              "java.base\/java.util.concurrent.ForkJoinWorkerThread.run(ForkJoinWorkerThread.java:188)"
           ]
         },
         {
           "tid": "691",
           "name": "ForkJoinPool-1-worker-3",
           "stack": [
              "java.base\/jdk.internal.vm.Continuation.run(Continuation.java:251)",
              "java.base\/java.lang.VirtualThread.runContinuation(VirtualThread.java:223)",
              "java.base\/java.util.concurrent.ForkJoinTask$RunnableExecuteAction.exec(ForkJoinTask.java:1423)",
              "java.base\/java.util.concurrent.ForkJoinTask.doExec(ForkJoinTask.java:387)",
              "java.base\/java.util.concurrent.ForkJoinPool$WorkQueue.topLevelExec(ForkJoinPool.java:1312)",
              "java.base\/java.util.concurrent.ForkJoinPool.scan(ForkJoinPool.java:1843)",
              "java.base\/java.util.concurrent.ForkJoinPool.runWorker(ForkJoinPool.java:1808)",
              "java.base\/java.util.concurrent.ForkJoinWorkerThread.run(ForkJoinWorkerThread.java:188)"
           ]
         },
         {
           "tid": "9784",
           "name": "ForkJoinPool-1-worker-4",
           "stack": [
              "java.base\/jdk.internal.vm.Continuation.run(Continuation.java:251)",
              "java.base\/java.lang.VirtualThread.runContinuation(VirtualThread.java:223)",
              "java.base\/java.util.concurrent.ForkJoinTask$RunnableExecuteAction.exec(ForkJoinTask.java:1423)",
              "java.base\/java.util.concurrent.ForkJoinTask.doExec(ForkJoinTask.java:387)",
              "java.base\/java.util.concurrent.ForkJoinPool$WorkQueue.topLevelExec(ForkJoinPool.java:1312)",
              "java.base\/java.util.concurrent.ForkJoinPool.scan(ForkJoinPool.java:1843)",
              "java.base\/java.util.concurrent.ForkJoinPool.runWorker(ForkJoinPool.java:1808)",
              "java.base\/java.util.concurrent.ForkJoinWorkerThread.run(ForkJoinWorkerThread.java:188)"
           ]
         },
         {
           "tid": "10687",
           "name": "ForkJoinPool-1-worker-5",
           "stack": [
              "java.base\/jdk.internal.vm.Continuation.run(Continuation.java:251)",
              "java.base\/java.lang.VirtualThread.runContinuation(VirtualThread.java:223)",
              "java.base\/java.util.concurrent.ForkJoinTask$RunnableExecuteAction.exec(ForkJoinTask.java:1423)",
              "java.base\/java.util.concurrent.ForkJoinTask.doExec(ForkJoinTask.java:387)",
              "java.base\/java.util.concurrent.ForkJoinPool$WorkQueue.topLevelExec(ForkJoinPool.java:1312)",
              "java.base\/java.util.concurrent.ForkJoinPool.scan(ForkJoinPool.java:1843)",
              "java.base\/java.util.concurrent.ForkJoinPool.runWorker(ForkJoinPool.java:1808)",
              "java.base\/java.util.concurrent.ForkJoinWorkerThread.run(ForkJoinWorkerThread.java:188)"
           ]
         },
         {
           "tid": "10689",
           "name": "ForkJoinPool-1-worker-6",
           "stack": [
              "java.base\/jdk.internal.vm.Continuation.run(Continuation.java:251)",
              "java.base\/java.lang.VirtualThread.runContinuation(VirtualThread.java:223)",
              "java.base\/java.util.concurrent.ForkJoinTask$RunnableExecuteAction.exec(ForkJoinTask.java:1423)",
              "java.base\/java.util.concurrent.ForkJoinTask.doExec(ForkJoinTask.java:387)",
              "java.base\/java.util.concurrent.ForkJoinPool$WorkQueue.topLevelExec(ForkJoinPool.java:1312)",
              "java.base\/java.util.concurrent.ForkJoinPool.scan(ForkJoinPool.java:1843)",
              "java.base\/java.util.concurrent.ForkJoinPool.runWorker(ForkJoinPool.java:1808)",
              "java.base\/java.util.concurrent.ForkJoinWorkerThread.run(ForkJoinWorkerThread.java:188)"
           ]
         },
         {
           "tid": "10691",
           "name": "ForkJoinPool-1-worker-7",
           "stack": [
              "java.base\/jdk.internal.vm.Continuation.run(Continuation.java:251)",
              "java.base\/java.lang.VirtualThread.runContinuation(VirtualThread.java:223)",
              "java.base\/java.util.concurrent.ForkJoinTask$RunnableExecuteAction.exec(ForkJoinTask.java:1423)",
              "java.base\/java.util.concurrent.ForkJoinTask.doExec(ForkJoinTask.java:387)",
              "java.base\/java.util.concurrent.ForkJoinPool$WorkQueue.topLevelExec(ForkJoinPool.java:1312)",
              "java.base\/java.util.concurrent.ForkJoinPool.scan(ForkJoinPool.java:1843)",
              "java.base\/java.util.concurrent.ForkJoinPool.runWorker(ForkJoinPool.java:1808)",
              "java.base\/java.util.concurrent.ForkJoinWorkerThread.run(ForkJoinWorkerThread.java:188)"
           ]
         },
         {
           "tid": "10693",
           "name": "ForkJoinPool-1-worker-8",
           "stack": [
              "java.base\/jdk.internal.vm.Continuation.run(Continuation.java:251)",
              "java.base\/java.lang.VirtualThread.runContinuation(VirtualThread.java:223)",
              "java.base\/java.util.concurrent.ForkJoinTask$RunnableExecuteAction.exec(ForkJoinTask.java:1423)",
              "java.base\/java.util.concurrent.ForkJoinTask.doExec(ForkJoinTask.java:387)",
              "java.base\/java.util.concurrent.ForkJoinPool$WorkQueue.topLevelExec(ForkJoinPool.java:1312)",
              "java.base\/java.util.concurrent.ForkJoinPool.scan(ForkJoinPool.java:1843)",
              "java.base\/java.util.concurrent.ForkJoinPool.runWorker(ForkJoinPool.java:1808)",
              "java.base\/java.util.concurrent.ForkJoinWorkerThread.run(ForkJoinWorkerThread.java:188)"
           ]
         },
         {
           "tid": "10695",
           "name": "ForkJoinPool-1-worker-9",
           "stack": [
              "java.base\/jdk.internal.vm.Continuation.run(Continuation.java:251)",
              "java.base\/java.lang.VirtualThread.runContinuation(VirtualThread.java:223)",
              "java.base\/java.util.concurrent.ForkJoinTask$RunnableExecuteAction.exec(ForkJoinTask.java:1423)",
              "java.base\/java.util.concurrent.ForkJoinTask.doExec(ForkJoinTask.java:387)",
              "java.base\/java.util.concurrent.ForkJoinPool$WorkQueue.topLevelExec(ForkJoinPool.java:1312)",
              "java.base\/java.util.concurrent.ForkJoinPool.scan(ForkJoinPool.java:1843)",
              "java.base\/java.util.concurrent.ForkJoinPool.runWorker(ForkJoinPool.java:1808)",
              "java.base\/java.util.concurrent.ForkJoinWorkerThread.run(ForkJoinWorkerThread.java:188)"
           ]
         },
         {
           "tid": "10697",
           "name": "ForkJoinPool-1-worker-10",
           "stack": [
              "java.base\/jdk.internal.vm.Continuation.run(Continuation.java:251)",
              "java.base\/java.lang.VirtualThread.runContinuation(VirtualThread.java:223)",
              "java.base\/java.util.concurrent.ForkJoinTask$RunnableExecuteAction.exec(ForkJoinTask.java:1423)",
              "java.base\/java.util.concurrent.ForkJoinTask.doExec(ForkJoinTask.java:387)",
              "java.base\/java.util.concurrent.ForkJoinPool$WorkQueue.topLevelExec(ForkJoinPool.java:1312)",
              "java.base\/java.util.concurrent.ForkJoinPool.scan(ForkJoinPool.java:1843)",
              "java.base\/java.util.concurrent.ForkJoinPool.runWorker(ForkJoinPool.java:1808)",
              "java.base\/java.util.concurrent.ForkJoinWorkerThread.run(ForkJoinWorkerThread.java:188)"
           ]
         },
         {
           "tid": "10699",
           "name": "ForkJoinPool-1-worker-11",
           "stack": [
              "java.base\/jdk.internal.vm.Continuation.run(Continuation.java:251)",
              "java.base\/java.lang.VirtualThread.runContinuation(VirtualThread.java:223)",
              "java.base\/java.util.concurrent.ForkJoinTask$RunnableExecuteAction.exec(ForkJoinTask.java:1423)",
              "java.base\/java.util.concurrent.ForkJoinTask.doExec(ForkJoinTask.java:387)",
              "java.base\/java.util.concurrent.ForkJoinPool$WorkQueue.topLevelExec(ForkJoinPool.java:1312)",
              "java.base\/java.util.concurrent.ForkJoinPool.scan(ForkJoinPool.java:1843)",
              "java.base\/java.util.concurrent.ForkJoinPool.runWorker(ForkJoinPool.java:1808)",
              "java.base\/java.util.concurrent.ForkJoinWorkerThread.run(ForkJoinWorkerThread.java:188)"
           ]
         },
         {
           "tid": "10702",
           "name": "ForkJoinPool-1-worker-12",
           "stack": [
              "java.base\/jdk.internal.vm.Continuation.run(Continuation.java:251)",
              "java.base\/java.lang.VirtualThread.runContinuation(VirtualThread.java:223)",
              "java.base\/java.util.concurrent.ForkJoinTask$RunnableExecuteAction.exec(ForkJoinTask.java:1423)",
              "java.base\/java.util.concurrent.ForkJoinTask.doExec(ForkJoinTask.java:387)",
              "java.base\/java.util.concurrent.ForkJoinPool$WorkQueue.topLevelExec(ForkJoinPool.java:1312)",
              "java.base\/java.util.concurrent.ForkJoinPool.scan(ForkJoinPool.java:1843)",
              "java.base\/java.util.concurrent.ForkJoinPool.runWorker(ForkJoinPool.java:1808)",
              "java.base\/java.util.concurrent.ForkJoinWorkerThread.run(ForkJoinWorkerThread.java:188)"
           ]
         }
        ],
        "threadCount": "12"
      },
      {
        "container": "ForkJoinPool.commonPool\/jdk.internal.vm.SharedThreadContainer@249aba49",
        "parent": "<root>",
        "owner": null,
        "threads": [
        ],
        "threadCount": "0"
      },
      {
        "container": "java.util.concurrent.ThreadPerTaskExecutor@351207a5",
        "parent": "<root>",
        "owner": null,
        "threads": [
         {
           "tid": "13161",
           "name": "",
           "stack": [
              "java.base\/java.util.Random.next(Random.java:444)",
              "java.base\/java.util.Random.nextDouble(Random.java:698)",
              "java.base\/java.lang.Math.random(Math.java:893)",
              "org.jeyzer.demo.virtualthreads.CPUWorker.consumeCPU1(CPUWorker.java:87)",
              "org.jeyzer.demo.virtualthreads.CPUWorker.work(CPUWorker.java:67)",
              "org.jeyzer.demo.virtualthreads.CPUWorker.lambda$run$0(CPUWorker.java:43)",
              "java.base\/java.util.concurrent.FutureTask.run(FutureTask.java:317)",
              "java.base\/java.lang.VirtualThread.run(VirtualThread.java:311)"
           ]
         },
         {
           "tid": "13163",
           "name": "",
           "stack": [
              "java.base\/java.util.Random.next(Random.java:444)",
              "java.base\/java.util.Random.nextDouble(Random.java:698)",
              "java.base\/java.lang.Math.random(Math.java:893)",
              "org.jeyzer.demo.virtualthreads.CPUWorker.consumeCPU1(CPUWorker.java:88)",
              "org.jeyzer.demo.virtualthreads.CPUWorker.work(CPUWorker.java:67)",
              "org.jeyzer.demo.virtualthreads.CPUWorker.lambda$run$0(CPUWorker.java:43)",
              "java.base\/java.util.concurrent.FutureTask.run(FutureTask.java:317)",
              "java.base\/java.lang.VirtualThread.run(VirtualThread.java:311)"
           ]
         },
         {
           "tid": "13164",
           "name": "",
           "stack": [
              "java.base\/java.util.Random.next(Random.java:444)",
              "java.base\/java.util.Random.nextDouble(Random.java:698)",
              "java.base\/java.lang.Math.random(Math.java:893)",
              "org.jeyzer.demo.virtualthreads.CPUWorker.consumeCPU1(CPUWorker.java:88)",
              "org.jeyzer.demo.virtualthreads.CPUWorker.work(CPUWorker.java:67)",
              "org.jeyzer.demo.virtualthreads.CPUWorker.lambda$run$0(CPUWorker.java:43)",
              "java.base\/java.util.concurrent.FutureTask.run(FutureTask.java:317)",
              "java.base\/java.lang.VirtualThread.run(VirtualThread.java:311)"
           ]
         },
         {
           "tid": "13167",
           "name": "",
           "stack": [
              "java.base\/java.util.Random.next(Random.java:444)",
              "java.base\/java.util.Random.nextDouble(Random.java:698)",
              "java.base\/java.lang.Math.random(Math.java:893)",
              "org.jeyzer.demo.virtualthreads.CPUWorker.consumeCPU1(CPUWorker.java:88)",
              "org.jeyzer.demo.virtualthreads.CPUWorker.work(CPUWorker.java:67)",
              "org.jeyzer.demo.virtualthreads.CPUWorker.lambda$run$0(CPUWorker.java:43)",
              "java.base\/java.util.concurrent.FutureTask.run(FutureTask.java:317)",
              "java.base\/java.lang.VirtualThread.run(VirtualThread.java:311)"
           ]
         },
         {
           "tid": "13168",
           "name": "",
           "stack": [
              "java.base\/java.util.Random.next(Random.java:444)",
              "java.base\/java.util.Random.nextDouble(Random.java:698)",
              "java.base\/java.lang.Math.random(Math.java:893)",
              "org.jeyzer.demo.virtualthreads.CPUWorker.consumeCPU1(CPUWorker.java:88)",
              "org.jeyzer.demo.virtualthreads.CPUWorker.work(CPUWorker.java:67)",
              "org.jeyzer.demo.virtualthreads.CPUWorker.lambda$run$0(CPUWorker.java:43)",
              "java.base\/java.util.concurrent.FutureTask.run(FutureTask.java:317)",
              "java.base\/java.lang.VirtualThread.run(VirtualThread.java:311)"
           ]
         },
         {
           "tid": "13171",
           "name": "",
           "stack": [
              "java.base\/java.util.Random.next(Random.java:444)",
              "java.base\/java.util.Random.nextDouble(Random.java:698)",
              "java.base\/java.lang.Math.random(Math.java:893)",
              "org.jeyzer.demo.virtualthreads.CPUWorker.consumeCPU1(CPUWorker.java:88)",
              "org.jeyzer.demo.virtualthreads.CPUWorker.work(CPUWorker.java:67)",
              "org.jeyzer.demo.virtualthreads.CPUWorker.lambda$run$0(CPUWorker.java:43)",
              "java.base\/java.util.concurrent.FutureTask.run(FutureTask.java:317)",
              "java.base\/java.lang.VirtualThread.run(VirtualThread.java:311)"
           ]
         },
         {
           "tid": "13173",
           "name": "",
           "stack": [
              "java.base\/java.util.Random.next(Random.java:444)",
              "java.base\/java.util.Random.nextDouble(Random.java:698)",
              "java.base\/java.lang.Math.random(Math.java:893)",
              "org.jeyzer.demo.virtualthreads.CPUWorker.consumeCPU1(CPUWorker.java:87)",
              "org.jeyzer.demo.virtualthreads.CPUWorker.work(CPUWorker.java:67)",
              "org.jeyzer.demo.virtualthreads.CPUWorker.lambda$run$0(CPUWorker.java:43)",
              "java.base\/java.util.concurrent.FutureTask.run(FutureTask.java:317)",
              "java.base\/java.lang.VirtualThread.run(VirtualThread.java:311)"
           ]
         },
         {
           "tid": "13174",
           "name": "",
           "stack": [
              "java.base\/java.lang.VirtualThread.parkNanos(VirtualThread.java:631)",
              "java.base\/java.lang.VirtualThread.sleepNanos(VirtualThread.java:803)",
              "java.base\/java.lang.Thread.sleep(Thread.java:590)",
              "org.jeyzer.demo.virtualthreads.CPUWorker.sleep(CPUWorker.java:75)",
              "org.jeyzer.demo.virtualthreads.CPUWorker.work(CPUWorker.java:65)",
              "org.jeyzer.demo.virtualthreads.CPUWorker.lambda$run$0(CPUWorker.java:43)",
              "java.base\/java.util.concurrent.FutureTask.run(FutureTask.java:317)",
              "java.base\/java.lang.VirtualThread.run(VirtualThread.java:311)"
           ]
         },
         {
           "tid": "13177",
           "name": "",
           "stack": [
              "java.base\/java.lang.VirtualThread.parkNanos(VirtualThread.java:631)",
              "java.base\/java.lang.VirtualThread.sleepNanos(VirtualThread.java:803)",
              "java.base\/java.lang.Thread.sleep(Thread.java:590)",
              "org.jeyzer.demo.virtualthreads.CPUWorker.sleep(CPUWorker.java:75)",
              "org.jeyzer.demo.virtualthreads.CPUWorker.work(CPUWorker.java:65)",
              "org.jeyzer.demo.virtualthreads.CPUWorker.lambda$run$0(CPUWorker.java:43)",
              "java.base\/java.util.concurrent.FutureTask.run(FutureTask.java:317)",
              "java.base\/java.lang.VirtualThread.run(VirtualThread.java:311)"
           ]
         },
         {
           "tid": "13178",
           "name": "",
           "stack": [
              "java.base\/java.lang.VirtualThread.parkNanos(VirtualThread.java:631)",
              "java.base\/java.lang.VirtualThread.sleepNanos(VirtualThread.java:803)",
              "java.base\/java.lang.Thread.sleep(Thread.java:590)",
              "org.jeyzer.demo.virtualthreads.CPUWorker.sleep(CPUWorker.java:75)",
              "org.jeyzer.demo.virtualthreads.CPUWorker.work(CPUWorker.java:65)",
              "org.jeyzer.demo.virtualthreads.CPUWorker.lambda$run$0(CPUWorker.java:43)",
              "java.base\/java.util.concurrent.FutureTask.run(FutureTask.java:317)",
              "java.base\/java.lang.VirtualThread.run(VirtualThread.java:311)"
           ]
         },
         {
           "tid": "13180",
           "name": "",
           "stack": [
              "java.base\/java.lang.VirtualThread.parkNanos(VirtualThread.java:631)",
              "java.base\/java.lang.VirtualThread.sleepNanos(VirtualThread.java:803)",
              "java.base\/java.lang.Thread.sleep(Thread.java:590)",
              "org.jeyzer.demo.virtualthreads.CPUWorker.sleep(CPUWorker.java:75)",
              "org.jeyzer.demo.virtualthreads.CPUWorker.work(CPUWorker.java:65)",
              "org.jeyzer.demo.virtualthreads.CPUWorker.lambda$run$0(CPUWorker.java:43)",
              "java.base\/java.util.concurrent.FutureTask.run(FutureTask.java:317)",
              "java.base\/java.lang.VirtualThread.run(VirtualThread.java:311)"
           ]
         },
         {
           "tid": "13182",
           "name": "",
           "stack": [
              "java.base\/java.lang.VirtualThread.parkNanos(VirtualThread.java:631)",
              "java.base\/java.lang.VirtualThread.sleepNanos(VirtualThread.java:803)",
              "java.base\/java.lang.Thread.sleep(Thread.java:590)",
              "org.jeyzer.demo.virtualthreads.CPUWorker.sleep(CPUWorker.java:75)",
              "org.jeyzer.demo.virtualthreads.CPUWorker.work(CPUWorker.java:65)",
              "org.jeyzer.demo.virtualthreads.CPUWorker.lambda$run$0(CPUWorker.java:43)",
              "java.base\/java.util.concurrent.FutureTask.run(FutureTask.java:317)",
              "java.base\/java.lang.VirtualThread.run(VirtualThread.java:311)"
           ]
         },
         {
           "tid": "13184",
           "name": "",
           "stack": [
              "java.base\/java.lang.VirtualThread.parkNanos(VirtualThread.java:631)",
              "java.base\/java.lang.VirtualThread.sleepNanos(VirtualThread.java:803)",
              "java.base\/java.lang.Thread.sleep(Thread.java:590)",
              "org.jeyzer.demo.virtualthreads.CPUWorker.sleep(CPUWorker.java:75)",
              "org.jeyzer.demo.virtualthreads.CPUWorker.work(CPUWorker.java:65)",
              "org.jeyzer.demo.virtualthreads.CPUWorker.lambda$run$0(CPUWorker.java:43)",
              "java.base\/java.util.concurrent.FutureTask.run(FutureTask.java:317)",
              "java.base\/java.lang.VirtualThread.run(VirtualThread.java:311)"
           ]
         },
         {
           "tid": "13187",
           "name": "",
           "stack": [
              "java.base\/java.lang.VirtualThread.parkNanos(VirtualThread.java:631)",
              "java.base\/java.lang.VirtualThread.sleepNanos(VirtualThread.java:803)",
              "java.base\/java.lang.Thread.sleep(Thread.java:590)",
              "org.jeyzer.demo.virtualthreads.CPUWorker.sleep(CPUWorker.java:75)",
              "org.jeyzer.demo.virtualthreads.CPUWorker.work(CPUWorker.java:65)",
              "org.jeyzer.demo.virtualthreads.CPUWorker.lambda$run$0(CPUWorker.java:43)",
              "java.base\/java.util.concurrent.FutureTask.run(FutureTask.java:317)",
              "java.base\/java.lang.VirtualThread.run(VirtualThread.java:311)"
           ]
         },
         {
           "tid": "13188",
           "name": "",
           "stack": [
              "java.base\/java.lang.VirtualThread.parkNanos(VirtualThread.java:631)",
              "java.base\/java.lang.VirtualThread.sleepNanos(VirtualThread.java:803)",
              "java.base\/java.lang.Thread.sleep(Thread.java:590)",
              "org.jeyzer.demo.virtualthreads.CPUWorker.sleep(CPUWorker.java:75)",
              "org.jeyzer.demo.virtualthreads.CPUWorker.work(CPUWorker.java:65)",
              "org.jeyzer.demo.virtualthreads.CPUWorker.lambda$run$0(CPUWorker.java:43)",
              "java.base\/java.util.concurrent.FutureTask.run(FutureTask.java:317)",
              "java.base\/java.lang.VirtualThread.run(VirtualThread.java:311)"
           ]
         },
         {
           "tid": "13190",
           "name": "",
           "stack": [
              "java.base\/java.lang.VirtualThread.parkNanos(VirtualThread.java:631)",
              "java.base\/java.lang.VirtualThread.sleepNanos(VirtualThread.java:803)",
              "java.base\/java.lang.Thread.sleep(Thread.java:590)",
              "org.jeyzer.demo.virtualthreads.CPUWorker.sleep(CPUWorker.java:75)",
              "org.jeyzer.demo.virtualthreads.CPUWorker.work(CPUWorker.java:65)",
              "org.jeyzer.demo.virtualthreads.CPUWorker.lambda$run$0(CPUWorker.java:43)",
              "java.base\/java.util.concurrent.FutureTask.run(FutureTask.java:317)",
              "java.base\/java.lang.VirtualThread.run(VirtualThread.java:311)"
           ]
         },
         {
           "tid": "13192",
           "name": "",
           "stack": [
              "java.base\/java.lang.VirtualThread.parkNanos(VirtualThread.java:631)",
              "java.base\/java.lang.VirtualThread.sleepNanos(VirtualThread.java:803)",
              "java.base\/java.lang.Thread.sleep(Thread.java:590)",
              "org.jeyzer.demo.virtualthreads.CPUWorker.sleep(CPUWorker.java:75)",
              "org.jeyzer.demo.virtualthreads.CPUWorker.work(CPUWorker.java:65)",
              "org.jeyzer.demo.virtualthreads.CPUWorker.lambda$run$0(CPUWorker.java:43)",
              "java.base\/java.util.concurrent.FutureTask.run(FutureTask.java:317)",
              "java.base\/java.lang.VirtualThread.run(VirtualThread.java:311)"
           ]
         },
         {
           "tid": "13195",
           "name": "",
           "stack": [
              "java.base\/java.lang.VirtualThread.parkNanos(VirtualThread.java:631)",
              "java.base\/java.lang.VirtualThread.sleepNanos(VirtualThread.java:803)",
              "java.base\/java.lang.Thread.sleep(Thread.java:590)",
              "org.jeyzer.demo.virtualthreads.CPUWorker.sleep(CPUWorker.java:75)",
              "org.jeyzer.demo.virtualthreads.CPUWorker.work(CPUWorker.java:65)",
              "org.jeyzer.demo.virtualthreads.CPUWorker.lambda$run$0(CPUWorker.java:43)",
              "java.base\/java.util.concurrent.FutureTask.run(FutureTask.java:317)",
              "java.base\/java.lang.VirtualThread.run(VirtualThread.java:311)"
           ]
         },
         {
           "tid": "13196",
           "name": "",
           "stack": [
              "java.base\/java.lang.VirtualThread.parkNanos(VirtualThread.java:631)",
              "java.base\/java.lang.VirtualThread.sleepNanos(VirtualThread.java:803)",
              "java.base\/java.lang.Thread.sleep(Thread.java:590)",
              "org.jeyzer.demo.virtualthreads.CPUWorker.sleep(CPUWorker.java:75)",
              "org.jeyzer.demo.virtualthreads.CPUWorker.work(CPUWorker.java:65)",
              "org.jeyzer.demo.virtualthreads.CPUWorker.lambda$run$0(CPUWorker.java:43)",
              "java.base\/java.util.concurrent.FutureTask.run(FutureTask.java:317)",
              "java.base\/java.lang.VirtualThread.run(VirtualThread.java:311)"
           ]
         },
         {
           "tid": "13198",
           "name": "",
           "stack": [
              "java.base\/java.lang.VirtualThread.parkNanos(VirtualThread.java:631)",
              "java.base\/java.lang.VirtualThread.sleepNanos(VirtualThread.java:803)",
              "java.base\/java.lang.Thread.sleep(Thread.java:590)",
              "org.jeyzer.demo.virtualthreads.CPUWorker.sleep(CPUWorker.java:75)",
              "org.jeyzer.demo.virtualthreads.CPUWorker.work(CPUWorker.java:65)",
              "org.jeyzer.demo.virtualthreads.CPUWorker.lambda$run$0(CPUWorker.java:43)",
              "java.base\/java.util.concurrent.FutureTask.run(FutureTask.java:317)",
              "java.base\/java.lang.VirtualThread.run(VirtualThread.java:311)"
           ]
         },
         {
           "tid": "13200",
           "name": "",
           "stack": [
              "java.base\/java.lang.VirtualThread.parkNanos(VirtualThread.java:631)",
              "java.base\/java.lang.VirtualThread.sleepNanos(VirtualThread.java:803)",
              "java.base\/java.lang.Thread.sleep(Thread.java:590)",
              "org.jeyzer.demo.virtualthreads.CPUWorker.sleep(CPUWorker.java:75)",
              "org.jeyzer.demo.virtualthreads.CPUWorker.work(CPUWorker.java:65)",
              "org.jeyzer.demo.virtualthreads.CPUWorker.lambda$run$0(CPUWorker.java:43)",
              "java.base\/java.util.concurrent.FutureTask.run(FutureTask.java:317)",
              "java.base\/java.lang.VirtualThread.run(VirtualThread.java:311)"
           ]
         },
         {
           "tid": "13202",
           "name": "",
           "stack": [
              "java.base\/java.lang.VirtualThread.parkNanos(VirtualThread.java:631)",
              "java.base\/java.lang.VirtualThread.sleepNanos(VirtualThread.java:803)",
              "java.base\/java.lang.Thread.sleep(Thread.java:590)",
              "org.jeyzer.demo.virtualthreads.CPUWorker.sleep(CPUWorker.java:75)",
              "org.jeyzer.demo.virtualthreads.CPUWorker.work(CPUWorker.java:65)",
              "org.jeyzer.demo.virtualthreads.CPUWorker.lambda$run$0(CPUWorker.java:43)",
              "java.base\/java.util.concurrent.FutureTask.run(FutureTask.java:317)",
              "java.base\/java.lang.VirtualThread.run(VirtualThread.java:311)"
           ]
         },
         {
           "tid": "13204",
           "name": "",
           "stack": [
              "java.base\/java.lang.VirtualThread.parkNanos(VirtualThread.java:631)",
              "java.base\/java.lang.VirtualThread.sleepNanos(VirtualThread.java:803)",
              "java.base\/java.lang.Thread.sleep(Thread.java:590)",
              "org.jeyzer.demo.virtualthreads.CPUWorker.sleep(CPUWorker.java:75)",
              "org.jeyzer.demo.virtualthreads.CPUWorker.work(CPUWorker.java:65)",
              "org.jeyzer.demo.virtualthreads.CPUWorker.lambda$run$0(CPUWorker.java:43)",
              "java.base\/java.util.concurrent.FutureTask.run(FutureTask.java:317)",
              "java.base\/java.lang.VirtualThread.run(VirtualThread.java:311)"
           ]
         },
         {
           "tid": "13206",
           "name": "",
           "stack": [
              "java.base\/java.lang.VirtualThread.parkNanos(VirtualThread.java:631)",
              "java.base\/java.lang.VirtualThread.sleepNanos(VirtualThread.java:803)",
              "java.base\/java.lang.Thread.sleep(Thread.java:590)",
              "org.jeyzer.demo.virtualthreads.CPUWorker.sleep(CPUWorker.java:75)",
              "org.jeyzer.demo.virtualthreads.CPUWorker.work(CPUWorker.java:65)",
              "org.jeyzer.demo.virtualthreads.CPUWorker.lambda$run$0(CPUWorker.java:43)",
              "java.base\/java.util.concurrent.FutureTask.run(FutureTask.java:317)",
              "java.base\/java.lang.VirtualThread.run(VirtualThread.java:311)"
           ]
         },
         {
           "tid": "13209",
           "name": "",
           "stack": [
              "java.base\/java.lang.VirtualThread.parkNanos(VirtualThread.java:631)",
              "java.base\/java.lang.VirtualThread.sleepNanos(VirtualThread.java:803)",
              "java.base\/java.lang.Thread.sleep(Thread.java:590)",
              "org.jeyzer.demo.virtualthreads.CPUWorker.sleep(CPUWorker.java:75)",
              "org.jeyzer.demo.virtualthreads.CPUWorker.work(CPUWorker.java:65)",
              "org.jeyzer.demo.virtualthreads.CPUWorker.lambda$run$0(CPUWorker.java:43)",
              "java.base\/java.util.concurrent.FutureTask.run(FutureTask.java:317)",
              "java.base\/java.lang.VirtualThread.run(VirtualThread.java:311)"
           ]
         },
         {
           "tid": "13211",
           "name": "",
           "stack": [
              "java.base\/java.lang.VirtualThread.parkNanos(VirtualThread.java:631)",
              "java.base\/java.lang.VirtualThread.sleepNanos(VirtualThread.java:803)",
              "java.base\/java.lang.Thread.sleep(Thread.java:590)",
              "org.jeyzer.demo.virtualthreads.CPUWorker.sleep(CPUWorker.java:75)",
              "org.jeyzer.demo.virtualthreads.CPUWorker.work(CPUWorker.java:65)",
              "org.jeyzer.demo.virtualthreads.CPUWorker.lambda$run$0(CPUWorker.java:43)",
              "java.base\/java.util.concurrent.FutureTask.run(FutureTask.java:317)",
              "java.base\/java.lang.VirtualThread.run(VirtualThread.java:311)"
           ]
         },
         {
           "tid": "13213",
           "name": "",
           "stack": [
              "java.base\/java.lang.VirtualThread.parkNanos(VirtualThread.java:631)",
              "java.base\/java.lang.VirtualThread.sleepNanos(VirtualThread.java:803)",
              "java.base\/java.lang.Thread.sleep(Thread.java:590)",
              "org.jeyzer.demo.virtualthreads.CPUWorker.sleep(CPUWorker.java:75)",
              "org.jeyzer.demo.virtualthreads.CPUWorker.work(CPUWorker.java:65)",
              "org.jeyzer.demo.virtualthreads.CPUWorker.lambda$run$0(CPUWorker.java:43)",
              "java.base\/java.util.concurrent.FutureTask.run(FutureTask.java:317)",
              "java.base\/java.lang.VirtualThread.run(VirtualThread.java:311)"
           ]
         },
         {
           "tid": "13215",
           "name": "",
           "stack": [
              "java.base\/java.lang.VirtualThread.parkNanos(VirtualThread.java:631)",
              "java.base\/java.lang.VirtualThread.sleepNanos(VirtualThread.java:803)",
              "java.base\/java.lang.Thread.sleep(Thread.java:590)",
              "org.jeyzer.demo.virtualthreads.CPUWorker.sleep(CPUWorker.java:75)",
              "org.jeyzer.demo.virtualthreads.CPUWorker.work(CPUWorker.java:65)",
              "org.jeyzer.demo.virtualthreads.CPUWorker.lambda$run$0(CPUWorker.java:43)",
              "java.base\/java.util.concurrent.FutureTask.run(FutureTask.java:317)",
              "java.base\/java.lang.VirtualThread.run(VirtualThread.java:311)"
           ]
         },
         {
           "tid": "13216",
           "name": "",
           "stack": [
              "java.base\/java.lang.VirtualThread.parkNanos(VirtualThread.java:631)",
              "java.base\/java.lang.VirtualThread.sleepNanos(VirtualThread.java:803)",
              "java.base\/java.lang.Thread.sleep(Thread.java:590)",
              "org.jeyzer.demo.virtualthreads.CPUWorker.sleep(CPUWorker.java:75)",
              "org.jeyzer.demo.virtualthreads.CPUWorker.work(CPUWorker.java:65)",
              "org.jeyzer.demo.virtualthreads.CPUWorker.lambda$run$0(CPUWorker.java:43)",
              "java.base\/java.util.concurrent.FutureTask.run(FutureTask.java:317)",
              "java.base\/java.lang.VirtualThread.run(VirtualThread.java:311)"
           ]
         },
         {
           "tid": "13218",
           "name": "",
           "stack": [
              "java.base\/java.lang.VirtualThread.parkNanos(VirtualThread.java:631)",
              "java.base\/java.lang.VirtualThread.sleepNanos(VirtualThread.java:803)",
              "java.base\/java.lang.Thread.sleep(Thread.java:590)",
              "org.jeyzer.demo.virtualthreads.CPUWorker.sleep(CPUWorker.java:75)",
              "org.jeyzer.demo.virtualthreads.CPUWorker.work(CPUWorker.java:65)",
              "org.jeyzer.demo.virtualthreads.CPUWorker.lambda$run$0(CPUWorker.java:43)",
              "java.base\/java.util.concurrent.FutureTask.run(FutureTask.java:317)",
              "java.base\/java.lang.VirtualThread.run(VirtualThread.java:311)"
           ]
         },
         {
           "tid": "13220",
           "name": "",
           "stack": [
              "java.base\/java.lang.VirtualThread.parkNanos(VirtualThread.java:631)",
              "java.base\/java.lang.VirtualThread.sleepNanos(VirtualThread.java:803)",
              "java.base\/java.lang.Thread.sleep(Thread.java:590)",
              "org.jeyzer.demo.virtualthreads.CPUWorker.sleep(CPUWorker.java:75)",
              "org.jeyzer.demo.virtualthreads.CPUWorker.work(CPUWorker.java:65)",
              "org.jeyzer.demo.virtualthreads.CPUWorker.lambda$run$0(CPUWorker.java:43)",
              "java.base\/java.util.concurrent.FutureTask.run(FutureTask.java:317)",
              "java.base\/java.lang.VirtualThread.run(VirtualThread.java:311)"
           ]
         },
         {
           "tid": "13222",
           "name": "",
           "stack": [
              "java.base\/java.lang.VirtualThread.parkNanos(VirtualThread.java:631)",
              "java.base\/java.lang.VirtualThread.sleepNanos(VirtualThread.java:803)",
              "java.base\/java.lang.Thread.sleep(Thread.java:590)",
              "org.jeyzer.demo.virtualthreads.CPUWorker.sleep(CPUWorker.java:75)",
              "org.jeyzer.demo.virtualthreads.CPUWorker.work(CPUWorker.java:65)",
              "org.jeyzer.demo.virtualthreads.CPUWorker.lambda$run$0(CPUWorker.java:43)",
              "java.base\/java.util.concurrent.FutureTask.run(FutureTask.java:317)",
              "java.base\/java.lang.VirtualThread.run(VirtualThread.java:311)"
           ]
         }
        ],
        "threadCount": "32"
      },
      {
        "container": "java.util.concurrent.ThreadPoolExecutor@507c1a4f",
        "parent": "<root>",
        "owner": null,
        "threads": [
        ],
        "threadCount": "0"
      },
      {
        "container": "java.util.concurrent.ScheduledThreadPoolExecutor@13d4992d",
        "parent": "<root>",
        "owner": null,
        "threads": [
        ],
        "threadCount": "0"
      }
    ]
  }
}
