{
  "threadDump": {
    "processId": "21356",
    "time": "2023-10-04T22:33:27.352770500Z",
    "runtimeVersion": "21+35-LTS",
    "threadContainers": [
      {
        "container": "<root>",
        "parent": null,
        "owner": null,
        "threads": [
         {
           "tid": "1",
           "name": "main",
           "stack": [
              "java.base\/java.lang.Thread.sleep0(Native Method)",
              "java.base\/java.lang.Thread.sleep(Thread.java:592)",
              "org.jeyzer.demo.virtualthreads.TestSequence.sleep(TestSequence.java:30)",
              "org.jeyzer.demo.virtualthreads.ImageDownloader2.downloadImages(ImageDownloader2.java:66)",
              "org.jeyzer.demo.virtualthreads.ImageDownloader2.executeSequence(ImageDownloader2.java:208)",
              "org.jeyzer.demo.virtualthreads.TestSequence.startSequence(TestSequence.java:21)",
              "org.jeyzer.demo.virtualthreads.DemoVT21.main(DemoVT21.java:31)"
           ]
         },
         {
           "tid": "9",
           "name": "Reference Handler",
           "stack": [
              "java.base\/java.lang.ref.Reference.waitForReferencePendingList(Native Method)",
              "java.base\/java.lang.ref.Reference.processPendingReferences(Reference.java:246)",
              "java.base\/java.lang.ref.Reference$ReferenceHandler.run(Reference.java:208)"
           ]
         },
         {
           "tid": "10",
           "name": "Finalizer",
           "stack": [
              "java.base\/java.lang.Object.wait0(Native Method)",
              "java.base\/java.lang.Object.wait(Object.java:366)",
              "java.base\/java.lang.Object.wait(Object.java:339)",
              "java.base\/java.lang.ref.NativeReferenceQueue.await(NativeReferenceQueue.java:48)",
              "java.base\/java.lang.ref.ReferenceQueue.remove0(ReferenceQueue.java:158)",
              "java.base\/java.lang.ref.NativeReferenceQueue.remove(NativeReferenceQueue.java:89)",
              "java.base\/java.lang.ref.Finalizer$FinalizerThread.run(Finalizer.java:173)"
           ]
         },
         {
           "tid": "11",
           "name": "Signal Dispatcher",
           "stack": [
           ]
         },
         {
           "tid": "12",
           "name": "Attach Listener",
           "stack": [
              "java.base\/java.lang.Thread.getStackTrace(Thread.java:2450)",
              "java.base\/jdk.internal.vm.ThreadDumper.dumpThreadToJson(ThreadDumper.java:264)",
              "java.base\/jdk.internal.vm.ThreadDumper.dumpThreadsToJson(ThreadDumper.java:237)",
              "java.base\/jdk.internal.vm.ThreadDumper.dumpThreadsToJson(ThreadDumper.java:201)",
              "java.base\/jdk.internal.vm.ThreadDumper.dumpThreadsToFile(ThreadDumper.java:115)",
              "java.base\/jdk.internal.vm.ThreadDumper.dumpThreadsToJson(ThreadDumper.java:84)"
           ]
         },
         {
           "tid": "19",
           "name": "Common-Cleaner",
           "stack": [
              "java.base\/jdk.internal.misc.Unsafe.park(Native Method)",
              "java.base\/java.util.concurrent.locks.LockSupport.parkNanos(LockSupport.java:269)",
              "java.base\/java.util.concurrent.locks.AbstractQueuedSynchronizer$ConditionObject.await(AbstractQueuedSynchronizer.java:1847)",
              "java.base\/java.lang.ref.ReferenceQueue.await(ReferenceQueue.java:71)",
              "java.base\/java.lang.ref.ReferenceQueue.remove0(ReferenceQueue.java:143)",
              "java.base\/java.lang.ref.ReferenceQueue.remove(ReferenceQueue.java:218)",
              "java.base\/jdk.internal.ref.CleanerImpl.run(CleanerImpl.java:140)",
              "java.base\/java.lang.Thread.run(Thread.java:1583)",
              "java.base\/jdk.internal.misc.InnocuousThread.run(InnocuousThread.java:186)"
           ]
         },
         {
           "tid": "26",
           "name": "JFR Recorder Thread",
           "stack": [
           ]
         },
         {
           "tid": "36",
           "name": "JFR Periodic Tasks",
           "stack": [
              "java.base\/java.lang.Object.wait0(Native Method)",
              "java.base\/java.lang.Object.wait(Object.java:366)",
              "jdk.jfr\/jdk.jfr.internal.PlatformRecorder.takeNap(PlatformRecorder.java:559)",
              "jdk.jfr\/jdk.jfr.internal.PlatformRecorder.periodicTask(PlatformRecorder.java:527)",
              "jdk.jfr\/jdk.jfr.internal.PlatformRecorder.lambda$startDiskMonitor$1(PlatformRecorder.java:446)",
              "java.base\/java.lang.Thread.run(Thread.java:1583)"
           ]
         },
         {
           "tid": "38",
           "name": "Notification Thread",
           "stack": [
           ]
         },
         {
           "tid": "40",
           "name": "RMI TCP Accept-0",
           "stack": [
              "java.base\/sun.nio.ch.Net.accept(Native Method)",
              "java.base\/sun.nio.ch.NioSocketImpl.accept(NioSocketImpl.java:748)",
              "java.base\/java.net.ServerSocket.implAccept(ServerSocket.java:698)",
              "java.base\/java.net.ServerSocket.platformImplAccept(ServerSocket.java:663)",
              "java.base\/java.net.ServerSocket.implAccept(ServerSocket.java:639)",
              "java.base\/java.net.ServerSocket.implAccept(ServerSocket.java:585)",
              "java.base\/java.net.ServerSocket.accept(ServerSocket.java:543)",
              "java.rmi\/sun.rmi.transport.tcp.TCPTransport$AcceptLoop.executeAcceptLoop(TCPTransport.java:424)",
              "java.rmi\/sun.rmi.transport.tcp.TCPTransport$AcceptLoop.run(TCPTransport.java:388)",
              "java.base\/java.lang.Thread.run(Thread.java:1583)"
           ]
         },
         {
           "tid": "41",
           "name": "RMI TCP Accept-2504",
           "stack": [
              "java.base\/sun.nio.ch.Net.accept(Native Method)",
              "java.base\/sun.nio.ch.NioSocketImpl.accept(NioSocketImpl.java:748)",
              "java.base\/java.net.ServerSocket.implAccept(ServerSocket.java:698)",
              "java.base\/java.net.ServerSocket.platformImplAccept(ServerSocket.java:663)",
              "java.base\/java.net.ServerSocket.implAccept(ServerSocket.java:639)",
              "java.base\/java.net.ServerSocket.implAccept(ServerSocket.java:585)",
              "java.base\/java.net.ServerSocket.accept(ServerSocket.java:543)",
              "java.rmi\/sun.rmi.transport.tcp.TCPTransport$AcceptLoop.executeAcceptLoop(TCPTransport.java:424)",
              "java.rmi\/sun.rmi.transport.tcp.TCPTransport$AcceptLoop.run(TCPTransport.java:388)",
              "java.base\/java.lang.Thread.run(Thread.java:1583)"
           ]
         },
         {
           "tid": "42",
           "name": "RMI TCP Accept-0",
           "stack": [
              "java.base\/sun.nio.ch.Net.accept(Native Method)",
              "java.base\/sun.nio.ch.NioSocketImpl.accept(NioSocketImpl.java:748)",
              "java.base\/java.net.ServerSocket.implAccept(ServerSocket.java:698)",
              "java.base\/java.net.ServerSocket.platformImplAccept(ServerSocket.java:663)",
              "java.base\/java.net.ServerSocket.implAccept(ServerSocket.java:639)",
              "java.base\/java.net.ServerSocket.implAccept(ServerSocket.java:585)",
              "java.base\/java.net.ServerSocket.accept(ServerSocket.java:543)",
              "jdk.management.agent\/sun.management.jmxremote.LocalRMIServerSocketFactory$1.accept(LocalRMIServerSocketFactory.java:52)",
              "java.rmi\/sun.rmi.transport.tcp.TCPTransport$AcceptLoop.executeAcceptLoop(TCPTransport.java:424)",
              "java.rmi\/sun.rmi.transport.tcp.TCPTransport$AcceptLoop.run(TCPTransport.java:388)",
              "java.base\/java.lang.Thread.run(Thread.java:1583)"
           ]
         },
         {
           "tid": "14739",
           "name": "Keep-Alive-Timer",
           "stack": [
              "java.base\/java.lang.Thread.sleep0(Native Method)",
              "java.base\/java.lang.Thread.sleep(Thread.java:509)",
              "java.base\/sun.net.www.http.KeepAliveCache.run(KeepAliveCache.java:238)",
              "java.base\/java.lang.Thread.run(Thread.java:1583)",
              "java.base\/jdk.internal.misc.InnocuousThread.run(InnocuousThread.java:186)"
           ]
         },
         {
           "tid": "17180",
           "name": "Read-Poller",
           "stack": [
              "java.base\/sun.nio.ch.WEPoll.wait(Native Method)",
              "java.base\/sun.nio.ch.WEPollPoller.poll(WEPollPoller.java:65)",
              "java.base\/sun.nio.ch.Poller.poll(Poller.java:363)",
              "java.base\/sun.nio.ch.Poller.pollLoop(Poller.java:270)",
              "java.base\/java.lang.Thread.run(Thread.java:1583)",
              "java.base\/jdk.internal.misc.InnocuousThread.run(InnocuousThread.java:186)"
           ]
         },
         {
           "tid": "17181",
           "name": "Read-Updater",
           "stack": [
              "java.base\/jdk.internal.misc.Unsafe.park(Native Method)",
              "java.base\/java.util.concurrent.locks.LockSupport.park(LockSupport.java:371)",
              "java.base\/java.util.concurrent.LinkedTransferQueue$Node.block(LinkedTransferQueue.java:470)",
              "java.base\/java.util.concurrent.ForkJoinPool.unmanagedBlock(ForkJoinPool.java:3780)",
              "java.base\/java.util.concurrent.ForkJoinPool.managedBlock(ForkJoinPool.java:3725)",
              "java.base\/java.util.concurrent.LinkedTransferQueue.awaitMatch(LinkedTransferQueue.java:669)",
              "java.base\/java.util.concurrent.LinkedTransferQueue.xfer(LinkedTransferQueue.java:616)",
              "java.base\/java.util.concurrent.LinkedTransferQueue.take(LinkedTransferQueue.java:1286)",
              "java.base\/sun.nio.ch.Poller.updateLoop(Poller.java:286)",
              "java.base\/java.lang.Thread.run(Thread.java:1583)",
              "java.base\/jdk.internal.misc.InnocuousThread.run(InnocuousThread.java:186)"
           ]
         },
         {
           "tid": "17182",
           "name": "Write-Poller",
           "stack": [
              "java.base\/sun.nio.ch.WEPoll.wait(Native Method)",
              "java.base\/sun.nio.ch.WEPollPoller.poll(WEPollPoller.java:65)",
              "java.base\/sun.nio.ch.Poller.poll(Poller.java:363)",
              "java.base\/sun.nio.ch.Poller.pollLoop(Poller.java:270)",
              "java.base\/java.lang.Thread.run(Thread.java:1583)",
              "java.base\/jdk.internal.misc.InnocuousThread.run(InnocuousThread.java:186)"
           ]
         },
         {
           "tid": "17183",
           "name": "Write-Updater",
           "stack": [
              "java.base\/jdk.internal.misc.Unsafe.park(Native Method)",
              "java.base\/java.util.concurrent.locks.LockSupport.park(LockSupport.java:371)",
              "java.base\/java.util.concurrent.LinkedTransferQueue$Node.block(LinkedTransferQueue.java:470)",
              "java.base\/java.util.concurrent.ForkJoinPool.unmanagedBlock(ForkJoinPool.java:3780)",
              "java.base\/java.util.concurrent.ForkJoinPool.managedBlock(ForkJoinPool.java:3725)",
              "java.base\/java.util.concurrent.LinkedTransferQueue.awaitMatch(LinkedTransferQueue.java:669)",
              "java.base\/java.util.concurrent.LinkedTransferQueue.xfer(LinkedTransferQueue.java:616)",
              "java.base\/java.util.concurrent.LinkedTransferQueue.take(LinkedTransferQueue.java:1286)",
              "java.base\/sun.nio.ch.Poller.updateLoop(Poller.java:286)",
              "java.base\/java.lang.Thread.run(Thread.java:1583)",
              "java.base\/jdk.internal.misc.InnocuousThread.run(InnocuousThread.java:186)"
           ]
         }
        ],
        "threadCount": "17"
      },
      {
        "container": "java.util.concurrent.ScheduledThreadPoolExecutor@4520ebad",
        "parent": "<root>",
        "owner": null,
        "threads": [
         {
           "tid": "21",
           "name": "Jeyzer-recorder-log-watchdog",
           "stack": [
              "java.base\/jdk.internal.misc.Unsafe.park(Native Method)",
              "java.base\/java.util.concurrent.locks.LockSupport.parkNanos(LockSupport.java:269)",
              "java.base\/java.util.concurrent.locks.AbstractQueuedSynchronizer$ConditionObject.awaitNanos(AbstractQueuedSynchronizer.java:1758)",
              "java.base\/java.util.concurrent.ScheduledThreadPoolExecutor$DelayedWorkQueue.take(ScheduledThreadPoolExecutor.java:1182)",
              "java.base\/java.util.concurrent.ScheduledThreadPoolExecutor$DelayedWorkQueue.take(ScheduledThreadPoolExecutor.java:899)",
              "java.base\/java.util.concurrent.ThreadPoolExecutor.getTask(ThreadPoolExecutor.java:1070)",
              "java.base\/java.util.concurrent.ThreadPoolExecutor.runWorker(ThreadPoolExecutor.java:1130)",
              "java.base\/java.util.concurrent.ThreadPoolExecutor$Worker.run(ThreadPoolExecutor.java:642)",
              "java.base\/java.lang.Thread.run(Thread.java:1583)"
           ]
         }
        ],
        "threadCount": "1"
      },
      {
        "container": "java.util.concurrent.ScheduledThreadPoolExecutor@f17658b",
        "parent": "<root>",
        "owner": null,
        "threads": [
         {
           "tid": "44",
           "name": "Jeyzer-recorder-module-collector",
           "stack": [
              "java.base\/jdk.internal.misc.Unsafe.park(Native Method)",
              "java.base\/java.util.concurrent.locks.LockSupport.parkNanos(LockSupport.java:269)",
              "java.base\/java.util.concurrent.locks.AbstractQueuedSynchronizer$ConditionObject.awaitNanos(AbstractQueuedSynchronizer.java:1758)",
              "java.base\/java.util.concurrent.ScheduledThreadPoolExecutor$DelayedWorkQueue.take(ScheduledThreadPoolExecutor.java:1182)",
              "java.base\/java.util.concurrent.ScheduledThreadPoolExecutor$DelayedWorkQueue.take(ScheduledThreadPoolExecutor.java:899)",
              "java.base\/java.util.concurrent.ThreadPoolExecutor.getTask(ThreadPoolExecutor.java:1070)",
              "java.base\/java.util.concurrent.ThreadPoolExecutor.runWorker(ThreadPoolExecutor.java:1130)",
              "java.base\/java.util.concurrent.ThreadPoolExecutor$Worker.run(ThreadPoolExecutor.java:642)",
              "java.base\/java.lang.Thread.run(Thread.java:1583)"
           ]
         }
        ],
        "threadCount": "1"
      },
      {
        "container": "java.util.concurrent.ScheduledThreadPoolExecutor@479460a6",
        "parent": "<root>",
        "owner": null,
        "threads": [
         {
           "tid": "48",
           "name": "VirtualThread-unparker",
           "stack": [
              "java.base\/jdk.internal.misc.Unsafe.park(Native Method)",
              "java.base\/java.util.concurrent.locks.LockSupport.park(LockSupport.java:371)",
              "java.base\/java.util.concurrent.locks.AbstractQueuedSynchronizer$ConditionNode.block(AbstractQueuedSynchronizer.java:519)",
              "java.base\/java.util.concurrent.ForkJoinPool.unmanagedBlock(ForkJoinPool.java:3780)",
              "java.base\/java.util.concurrent.ForkJoinPool.managedBlock(ForkJoinPool.java:3725)",
              "java.base\/java.util.concurrent.locks.AbstractQueuedSynchronizer$ConditionObject.await(AbstractQueuedSynchronizer.java:1707)",
              "java.base\/java.util.concurrent.ScheduledThreadPoolExecutor$DelayedWorkQueue.take(ScheduledThreadPoolExecutor.java:1170)",
              "java.base\/java.util.concurrent.ScheduledThreadPoolExecutor$DelayedWorkQueue.take(ScheduledThreadPoolExecutor.java:899)",
              "java.base\/java.util.concurrent.ThreadPoolExecutor.getTask(ThreadPoolExecutor.java:1070)",
              "java.base\/java.util.concurrent.ThreadPoolExecutor.runWorker(ThreadPoolExecutor.java:1130)",
              "java.base\/java.util.concurrent.ThreadPoolExecutor$Worker.run(ThreadPoolExecutor.java:642)",
              "java.base\/java.lang.Thread.run(Thread.java:1583)",
              "java.base\/jdk.internal.misc.InnocuousThread.run(InnocuousThread.java:186)"
           ]
         }
        ],
        "threadCount": "1"
      },
      {
        "container": "java.util.concurrent.ScheduledThreadPoolExecutor@3f7f3336",
        "parent": "<root>",
        "owner": null,
        "threads": [
         {
           "tid": "43",
           "name": "Jeyzer-recorder-jar-path-collector",
           "stack": [
              "java.base\/jdk.internal.misc.Unsafe.park(Native Method)",
              "java.base\/java.util.concurrent.locks.LockSupport.parkNanos(LockSupport.java:269)",
              "java.base\/java.util.concurrent.locks.AbstractQueuedSynchronizer$ConditionObject.awaitNanos(AbstractQueuedSynchronizer.java:1758)",
              "java.base\/java.util.concurrent.ScheduledThreadPoolExecutor$DelayedWorkQueue.take(ScheduledThreadPoolExecutor.java:1182)",
              "java.base\/java.util.concurrent.ScheduledThreadPoolExecutor$DelayedWorkQueue.take(ScheduledThreadPoolExecutor.java:899)",
              "java.base\/java.util.concurrent.ThreadPoolExecutor.getTask(ThreadPoolExecutor.java:1070)",
              "java.base\/java.util.concurrent.ThreadPoolExecutor.runWorker(ThreadPoolExecutor.java:1130)",
              "java.base\/java.util.concurrent.ThreadPoolExecutor$Worker.run(ThreadPoolExecutor.java:642)",
              "java.base\/java.lang.Thread.run(Thread.java:1583)"
           ]
         }
        ],
        "threadCount": "1"
      },
      {
        "container": "java.util.concurrent.ScheduledThreadPoolExecutor@43814d18",
        "parent": "<root>",
        "owner": null,
        "threads": [
         {
           "tid": "24",
           "name": "Jeyzer-recorder-archiver",
           "stack": [
              "java.base\/jdk.internal.misc.Unsafe.park(Native Method)",
              "java.base\/java.util.concurrent.locks.LockSupport.parkNanos(LockSupport.java:269)",
              "java.base\/java.util.concurrent.locks.AbstractQueuedSynchronizer$ConditionObject.awaitNanos(AbstractQueuedSynchronizer.java:1758)",
              "java.base\/java.util.concurrent.ScheduledThreadPoolExecutor$DelayedWorkQueue.take(ScheduledThreadPoolExecutor.java:1182)",
              "java.base\/java.util.concurrent.ScheduledThreadPoolExecutor$DelayedWorkQueue.take(ScheduledThreadPoolExecutor.java:899)",
              "java.base\/java.util.concurrent.ThreadPoolExecutor.getTask(ThreadPoolExecutor.java:1070)",
              "java.base\/java.util.concurrent.ThreadPoolExecutor.runWorker(ThreadPoolExecutor.java:1130)",
              "java.base\/java.util.concurrent.ThreadPoolExecutor$Worker.run(ThreadPoolExecutor.java:642)",
              "java.base\/java.lang.Thread.run(Thread.java:1583)"
           ]
         }
        ],
        "threadCount": "1"
      },
      {
        "container": "java.util.concurrent.ThreadPoolExecutor@727eb8cb",
        "parent": "<root>",
        "owner": null,
        "threads": [
        ],
        "threadCount": "0"
      },
      {
        "container": "java.util.concurrent.ScheduledThreadPoolExecutor@3dfc5fb8",
        "parent": "<root>",
        "owner": null,
        "threads": [
         {
           "tid": "25",
           "name": "Jeyzer-recorder",
           "stack": [
              "java.base\/jdk.internal.misc.Unsafe.park(Native Method)",
              "java.base\/java.util.concurrent.locks.LockSupport.parkNanos(LockSupport.java:269)",
              "java.base\/java.util.concurrent.locks.AbstractQueuedSynchronizer$ConditionObject.awaitNanos(AbstractQueuedSynchronizer.java:1758)",
              "java.base\/java.util.concurrent.ScheduledThreadPoolExecutor$DelayedWorkQueue.take(ScheduledThreadPoolExecutor.java:1182)",
              "java.base\/java.util.concurrent.ScheduledThreadPoolExecutor$DelayedWorkQueue.take(ScheduledThreadPoolExecutor.java:899)",
              "java.base\/java.util.concurrent.ThreadPoolExecutor.getTask(ThreadPoolExecutor.java:1070)",
              "java.base\/java.util.concurrent.ThreadPoolExecutor.runWorker(ThreadPoolExecutor.java:1130)",
              "java.base\/java.util.concurrent.ThreadPoolExecutor$Worker.run(ThreadPoolExecutor.java:642)",
              "java.base\/java.lang.Thread.run(Thread.java:1583)"
           ]
         }
        ],
        "threadCount": "1"
      },
      {
        "container": "java.util.concurrent.ScheduledThreadPoolExecutor@d0d2668",
        "parent": "<root>",
        "owner": null,
        "threads": [
         {
           "tid": "45",
           "name": "Jeyzer-recorder-jvm-flag-collector",
           "stack": [
              "java.base\/jdk.internal.misc.Unsafe.park(Native Method)",
              "java.base\/java.util.concurrent.locks.LockSupport.parkNanos(LockSupport.java:269)",
              "java.base\/java.util.concurrent.locks.AbstractQueuedSynchronizer$ConditionObject.awaitNanos(AbstractQueuedSynchronizer.java:1758)",
              "java.base\/java.util.concurrent.ScheduledThreadPoolExecutor$DelayedWorkQueue.take(ScheduledThreadPoolExecutor.java:1182)",
              "java.base\/java.util.concurrent.ScheduledThreadPoolExecutor$DelayedWorkQueue.take(ScheduledThreadPoolExecutor.java:899)",
              "java.base\/java.util.concurrent.ThreadPoolExecutor.getTask(ThreadPoolExecutor.java:1070)",
              "java.base\/java.util.concurrent.ThreadPoolExecutor.runWorker(ThreadPoolExecutor.java:1130)",
              "java.base\/java.util.concurrent.ThreadPoolExecutor$Worker.run(ThreadPoolExecutor.java:642)",
              "java.base\/java.lang.Thread.run(Thread.java:1583)"
           ]
         }
        ],
        "threadCount": "1"
      },
      {
        "container": "ForkJoinPool-1\/jdk.internal.vm.SharedThreadContainer@40fc028e",
        "parent": "<root>",
        "owner": null,
        "threads": [
         {
           "tid": "47",
           "name": "ForkJoinPool-1-worker-1",
           "stack": [
              "java.base\/jdk.internal.misc.Unsafe.park(Native Method)",
              "java.base\/java.util.concurrent.locks.LockSupport.park(LockSupport.java:371)",
              "java.base\/java.util.concurrent.ForkJoinPool.awaitWork(ForkJoinPool.java:1893)",
              "java.base\/java.util.concurrent.ForkJoinPool.runWorker(ForkJoinPool.java:1809)",
              "java.base\/java.util.concurrent.ForkJoinWorkerThread.run(ForkJoinWorkerThread.java:188)"
           ]
         },
         {
           "tid": "690",
           "name": "ForkJoinPool-1-worker-2",
           "stack": [
              "java.base\/jdk.internal.misc.Unsafe.park(Native Method)",
              "java.base\/java.util.concurrent.locks.LockSupport.park(LockSupport.java:371)",
              "java.base\/java.util.concurrent.ForkJoinPool.awaitWork(ForkJoinPool.java:1893)",
              "java.base\/java.util.concurrent.ForkJoinPool.runWorker(ForkJoinPool.java:1809)",
              "java.base\/java.util.concurrent.ForkJoinWorkerThread.run(ForkJoinWorkerThread.java:188)"
           ]
         },
         {
           "tid": "691",
           "name": "ForkJoinPool-1-worker-3",
           "stack": [
              "java.base\/jdk.internal.misc.Unsafe.park(Native Method)",
              "java.base\/java.util.concurrent.locks.LockSupport.park(LockSupport.java:371)",
              "java.base\/java.util.concurrent.ForkJoinPool.awaitWork(ForkJoinPool.java:1893)",
              "java.base\/java.util.concurrent.ForkJoinPool.runWorker(ForkJoinPool.java:1809)",
              "java.base\/java.util.concurrent.ForkJoinWorkerThread.run(ForkJoinWorkerThread.java:188)"
           ]
         },
         {
           "tid": "9784",
           "name": "ForkJoinPool-1-worker-4",
           "stack": [
              "java.base\/jdk.internal.misc.Unsafe.park(Native Method)",
              "java.base\/java.util.concurrent.locks.LockSupport.park(LockSupport.java:371)",
              "java.base\/java.util.concurrent.ForkJoinPool.awaitWork(ForkJoinPool.java:1893)",
              "java.base\/java.util.concurrent.ForkJoinPool.runWorker(ForkJoinPool.java:1809)",
              "java.base\/java.util.concurrent.ForkJoinWorkerThread.run(ForkJoinWorkerThread.java:188)"
           ]
         },
         {
           "tid": "10687",
           "name": "ForkJoinPool-1-worker-5",
           "stack": [
              "java.base\/jdk.internal.misc.Unsafe.park(Native Method)",
              "java.base\/java.util.concurrent.locks.LockSupport.park(LockSupport.java:371)",
              "java.base\/java.util.concurrent.ForkJoinPool.awaitWork(ForkJoinPool.java:1893)",
              "java.base\/java.util.concurrent.ForkJoinPool.runWorker(ForkJoinPool.java:1809)",
              "java.base\/java.util.concurrent.ForkJoinWorkerThread.run(ForkJoinWorkerThread.java:188)"
           ]
         },
         {
           "tid": "10691",
           "name": "ForkJoinPool-1-worker-7",
           "stack": [
              "java.base\/jdk.internal.misc.Unsafe.park(Native Method)",
              "java.base\/java.util.concurrent.locks.LockSupport.park(LockSupport.java:371)",
              "java.base\/java.util.concurrent.ForkJoinPool.awaitWork(ForkJoinPool.java:1893)",
              "java.base\/java.util.concurrent.ForkJoinPool.runWorker(ForkJoinPool.java:1809)",
              "java.base\/java.util.concurrent.ForkJoinWorkerThread.run(ForkJoinWorkerThread.java:188)"
           ]
         },
         {
           "tid": "10693",
           "name": "ForkJoinPool-1-worker-8",
           "stack": [
              "java.base\/jdk.internal.misc.Unsafe.park(Native Method)",
              "java.base\/java.util.concurrent.locks.LockSupport.park(LockSupport.java:371)",
              "java.base\/java.util.concurrent.ForkJoinPool.awaitWork(ForkJoinPool.java:1893)",
              "java.base\/java.util.concurrent.ForkJoinPool.runWorker(ForkJoinPool.java:1809)",
              "java.base\/java.util.concurrent.ForkJoinWorkerThread.run(ForkJoinWorkerThread.java:188)"
           ]
         },
         {
           "tid": "10695",
           "name": "ForkJoinPool-1-worker-9",
           "stack": [
              "java.base\/jdk.internal.misc.Unsafe.park(Native Method)",
              "java.base\/java.util.concurrent.locks.LockSupport.park(LockSupport.java:371)",
              "java.base\/java.util.concurrent.ForkJoinPool.awaitWork(ForkJoinPool.java:1893)",
              "java.base\/java.util.concurrent.ForkJoinPool.runWorker(ForkJoinPool.java:1809)",
              "java.base\/java.util.concurrent.ForkJoinWorkerThread.run(ForkJoinWorkerThread.java:188)"
           ]
         },
         {
           "tid": "10697",
           "name": "ForkJoinPool-1-worker-10",
           "stack": [
              "java.base\/jdk.internal.misc.Unsafe.park(Native Method)",
              "java.base\/java.util.concurrent.locks.LockSupport.park(LockSupport.java:371)",
              "java.base\/java.util.concurrent.ForkJoinPool.awaitWork(ForkJoinPool.java:1893)",
              "java.base\/java.util.concurrent.ForkJoinPool.runWorker(ForkJoinPool.java:1809)",
              "java.base\/java.util.concurrent.ForkJoinWorkerThread.run(ForkJoinWorkerThread.java:188)"
           ]
         },
         {
           "tid": "10699",
           "name": "ForkJoinPool-1-worker-11",
           "stack": [
              "java.base\/jdk.internal.misc.Unsafe.park(Native Method)",
              "java.base\/java.util.concurrent.locks.LockSupport.parkUntil(LockSupport.java:449)",
              "java.base\/java.util.concurrent.ForkJoinPool.awaitWork(ForkJoinPool.java:1891)",
              "java.base\/java.util.concurrent.ForkJoinPool.runWorker(ForkJoinPool.java:1809)",
              "java.base\/java.util.concurrent.ForkJoinWorkerThread.run(ForkJoinWorkerThread.java:188)"
           ]
         },
         {
           "tid": "10702",
           "name": "ForkJoinPool-1-worker-12",
           "stack": [
              "java.base\/jdk.internal.misc.Unsafe.park(Native Method)",
              "java.base\/java.util.concurrent.locks.LockSupport.park(LockSupport.java:371)",
              "java.base\/java.util.concurrent.ForkJoinPool.awaitWork(ForkJoinPool.java:1893)",
              "java.base\/java.util.concurrent.ForkJoinPool.runWorker(ForkJoinPool.java:1809)",
              "java.base\/java.util.concurrent.ForkJoinWorkerThread.run(ForkJoinWorkerThread.java:188)"
           ]
         },
         {
           "tid": "16563",
           "name": "ForkJoinPool-1-worker-13",
           "stack": [
              "java.base\/jdk.internal.misc.Unsafe.park(Native Method)",
              "java.base\/java.util.concurrent.locks.LockSupport.park(LockSupport.java:371)",
              "java.base\/java.util.concurrent.ForkJoinPool.awaitWork(ForkJoinPool.java:1893)",
              "java.base\/java.util.concurrent.ForkJoinPool.runWorker(ForkJoinPool.java:1809)",
              "java.base\/java.util.concurrent.ForkJoinWorkerThread.run(ForkJoinWorkerThread.java:188)"
           ]
         }
        ],
        "threadCount": "12"
      },
      {
        "container": "ForkJoinPool.commonPool\/jdk.internal.vm.SharedThreadContainer@249aba49",
        "parent": "<root>",
        "owner": null,
        "threads": [
        ],
        "threadCount": "0"
      },
      {
        "container": "java.util.concurrent.ThreadPoolExecutor@507c1a4f",
        "parent": "<root>",
        "owner": null,
        "threads": [
        ],
        "threadCount": "0"
      },
      {
        "container": "java.util.concurrent.ScheduledThreadPoolExecutor@13d4992d",
        "parent": "<root>",
        "owner": null,
        "threads": [
        ],
        "threadCount": "0"
      }
    ]
  }
}
